Error: bind EADDRINUSE null:8084
    at listenOnPrimaryHandle (node:net:1989:18)
    at rr (node:internal/cluster/child:163:12)
    at Worker.<anonymous> (node:internal/cluster/child:113:7)
    at process.onInternalMessage (node:internal/cluster/utils:49:5)
    at process.emit (node:events:536:35)
    at emit (node:internal/child_process:950:14)
    at process.processTicksAndRejections (node:internal/process/task_queues:83:21) {
  errno: -98,
  code: 'EADDRINUSE',
  syscall: 'bind',
  address: null,
  port: 8084
}
Error: bind EADDRINUSE null:8084
    at listenOnPrimaryHandle (node:net:1989:18)
    at rr (node:internal/cluster/child:163:12)
    at Worker.<anonymous> (node:internal/cluster/child:113:7)
    at process.onInternalMessage (node:internal/cluster/utils:49:5)
    at process.emit (node:events:536:35)
    at emit (node:internal/child_process:950:14)
    at process.processTicksAndRejections (node:internal/process/task_queues:83:21) {
  errno: -98,
  code: 'EADDRINUSE',
  syscall: 'bind',
  address: null,
  port: 8084
}
Error: bind EADDRINUSE null:8084
    at listenOnPrimaryHandle (node:net:1989:18)
    at rr (node:internal/cluster/child:163:12)
    at Worker.<anonymous> (node:internal/cluster/child:113:7)
    at process.onInternalMessage (node:internal/cluster/utils:49:5)
    at process.emit (node:events:536:35)
    at emit (node:internal/child_process:950:14)
    at process.processTicksAndRejections (node:internal/process/task_queues:83:21) {
  errno: -98,
  code: 'EADDRINUSE',
  syscall: 'bind',
  address: null,
  port: 8084
}
Error: bind EADDRINUSE null:8084
    at listenOnPrimaryHandle (node:net:1989:18)
    at rr (node:internal/cluster/child:163:12)
    at Worker.<anonymous> (node:internal/cluster/child:113:7)
    at process.onInternalMessage (node:internal/cluster/utils:49:5)
    at process.emit (node:events:536:35)
    at emit (node:internal/child_process:950:14)
    at process.processTicksAndRejections (node:internal/process/task_queues:83:21) {
  errno: -98,
  code: 'EADDRINUSE',
  syscall: 'bind',
  address: null,
  port: 8084
}
Worker 114195 died (code: 1). Restarting...
Worker 114214 died (code: 1). Restarting...
Worker 114208 died (code: 1). Restarting...
Error: bind EADDRINUSE null:8084
    at listenOnPrimaryHandle (node:net:1989:18)
    at rr (node:internal/cluster/child:163:12)
    at Worker.<anonymous> (node:internal/cluster/child:113:7)
    at process.onInternalMessage (node:internal/cluster/utils:49:5)
    at process.emit (node:events:536:35)
    at emit (node:internal/child_process:950:14)
    at process.processTicksAndRejections (node:internal/process/task_queues:83:21) {
  errno: -98,
  code: 'EADDRINUSE',
  syscall: 'bind',
  address: null,
  port: 8084
}
Error: bind EADDRINUSE null:8084
    at listenOnPrimaryHandle (node:net:1989:18)
    at rr (node:internal/cluster/child:163:12)
    at Worker.<anonymous> (node:internal/cluster/child:113:7)
    at process.onInternalMessage (node:internal/cluster/utils:49:5)
    at process.emit (node:events:536:35)
    at emit (node:internal/child_process:950:14)
    at process.processTicksAndRejections (node:internal/process/task_queues:83:21) {
  errno: -98,
  code: 'EADDRINUSE',
  syscall: 'bind',
  address: null,
  port: 8084
}
Worker 114220 died (code: 1). Restarting...
Error: bind EADDRINUSE null:8084
    at listenOnPrimaryHandle (node:net:1989:18)
    at rr (node:internal/cluster/child:163:12)
    at Worker.<anonymous> (node:internal/cluster/child:113:7)
    at process.onInternalMessage (node:internal/cluster/utils:49:5)
    at process.emit (node:events:536:35)
    at emit (node:internal/child_process:950:14)
    at process.processTicksAndRejections (node:internal/process/task_queues:83:21) {
  errno: -98,
  code: 'EADDRINUSE',
  syscall: 'bind',
  address: null,
  port: 8084
}
Worker 114202 died (code: 1). Restarting...
Worker 114194 died (code: 1). Restarting...
Error: bind EADDRINUSE null:8084
    at listenOnPrimaryHandle (node:net:1989:18)
    at rr (node:internal/cluster/child:163:12)
    at Worker.<anonymous> (node:internal/cluster/child:113:7)
    at process.onInternalMessage (node:internal/cluster/utils:49:5)
    at process.emit (node:events:536:35)
    at emit (node:internal/child_process:950:14)
    at process.processTicksAndRejections (node:internal/process/task_queues:83:21) {
  errno: -98,
  code: 'EADDRINUSE',
  syscall: 'bind',
  address: null,
  port: 8084
}
Worker 114193 died (code: 1). Restarting...
Worker 114196 died (code: 1). Restarting...
Error: bind EADDRINUSE null:8084
    at listenOnPrimaryHandle (node:net:1989:18)
    at rr (node:internal/cluster/child:163:12)
    at Worker.<anonymous> (node:internal/cluster/child:113:7)
    at process.onInternalMessage (node:internal/cluster/utils:49:5)
    at process.emit (node:events:536:35)
    at emit (node:internal/child_process:950:14)
    at process.processTicksAndRejections (node:internal/process/task_queues:83:21) {
  errno: -98,
  code: 'EADDRINUSE',
  syscall: 'bind',
  address: null,
  port: 8084
}
Worker 114328 died (code: 1). Restarting...
Error: bind EADDRINUSE null:8084
    at listenOnPrimaryHandle (node:net:1989:18)
    at rr (node:internal/cluster/child:163:12)
    at Worker.<anonymous> (node:internal/cluster/child:113:7)
    at process.onInternalMessage (node:internal/cluster/utils:49:5)
    at process.emit (node:events:536:35)
    at emit (node:internal/child_process:950:14)
    at process.processTicksAndRejections (node:internal/process/task_queues:83:21) {
  errno: -98,
  code: 'EADDRINUSE',
  syscall: 'bind',
  address: null,
  port: 8084
}
Error: bind EADDRINUSE null:8084
    at listenOnPrimaryHandle (node:net:1989:18)
    at rr (node:internal/cluster/child:163:12)
    at Worker.<anonymous> (node:internal/cluster/child:113:7)
    at process.onInternalMessage (node:internal/cluster/utils:49:5)
    at process.emit (node:events:536:35)
    at emit (node:internal/child_process:950:14)
    at process.processTicksAndRejections (node:internal/process/task_queues:83:21) {
  errno: -98,
  code: 'EADDRINUSE',
  syscall: 'bind',
  address: null,
  port: 8084
}
Worker 114351 died (code: 1). Restarting...
Worker 114326 died (code: 1). Restarting...
Error: bind EADDRINUSE null:8084
    at listenOnPrimaryHandle (node:net:1989:18)
    at rr (node:internal/cluster/child:163:12)
    at Worker.<anonymous> (node:internal/cluster/child:113:7)
    at process.onInternalMessage (node:internal/cluster/utils:49:5)
    at process.emit (node:events:536:35)
    at emit (node:internal/child_process:950:14)
    at process.processTicksAndRejections (node:internal/process/task_queues:83:21) {
  errno: -98,
  code: 'EADDRINUSE',
  syscall: 'bind',
  address: null,
  port: 8084
}
Error: bind EADDRINUSE null:8084
    at listenOnPrimaryHandle (node:net:1989:18)
    at rr (node:internal/cluster/child:163:12)
    at Worker.<anonymous> (node:internal/cluster/child:113:7)
    at process.onInternalMessage (node:internal/cluster/utils:49:5)
    at process.emit (node:events:536:35)
    at emit (node:internal/child_process:950:14)
    at process.processTicksAndRejections (node:internal/process/task_queues:83:21) {
  errno: -98,
  code: 'EADDRINUSE',
  syscall: 'bind',
  address: null,
  port: 8084
}
Error: bind EADDRINUSE null:8084
    at listenOnPrimaryHandle (node:net:1989:18)
    at rr (node:internal/cluster/child:163:12)
    at Worker.<anonymous> (node:internal/cluster/child:113:7)
    at process.onInternalMessage (node:internal/cluster/utils:49:5)
    at process.emit (node:events:536:35)
    at emit (node:internal/child_process:950:14)
    at process.processTicksAndRejections (node:internal/process/task_queues:83:21) {
  errno: -98,
  code: 'EADDRINUSE',
  syscall: 'bind',
  address: null,
  port: 8084
}
Worker 114334 died (code: 1). Restarting...
Worker 114327 died (code: 1). Restarting...
Worker 114364 died (code: 1). Restarting...
Error: bind EADDRINUSE null:8084
    at listenOnPrimaryHandle (node:net:1989:18)
    at rr (node:internal/cluster/child:163:12)
    at Worker.<anonymous> (node:internal/cluster/child:113:7)
    at process.onInternalMessage (node:internal/cluster/utils:49:5)
    at process.emit (node:events:536:35)
    at emit (node:internal/child_process:950:14)
    at process.processTicksAndRejections (node:internal/process/task_queues:83:21) {
  errno: -98,
  code: 'EADDRINUSE',
  syscall: 'bind',
  address: null,
  port: 8084
}
Worker 114357 died (code: 1). Restarting...
Error: bind EADDRINUSE null:8084
    at listenOnPrimaryHandle (node:net:1989:18)
    at rr (node:internal/cluster/child:163:12)
    at Worker.<anonymous> (node:internal/cluster/child:113:7)
    at process.onInternalMessage (node:internal/cluster/utils:49:5)
    at process.emit (node:events:536:35)
    at emit (node:internal/child_process:950:14)
    at process.processTicksAndRejections (node:internal/process/task_queues:83:21) {
  errno: -98,
  code: 'EADDRINUSE',
  syscall: 'bind',
  address: null,
  port: 8084
}
Worker 114345 died (code: 1). Restarting...
Error: bind EADDRINUSE null:8084
    at listenOnPrimaryHandle (node:net:1989:18)
    at rr (node:internal/cluster/child:163:12)
    at Worker.<anonymous> (node:internal/cluster/child:113:7)
    at process.onInternalMessage (node:internal/cluster/utils:49:5)
    at process.emit (node:events:536:35)
    at emit (node:internal/child_process:950:14)
    at process.processTicksAndRejections (node:internal/process/task_queues:83:21) {
  errno: -98,
  code: 'EADDRINUSE',
  syscall: 'bind',
  address: null,
  port: 8084
}
Worker 114443 died (code: 1). Restarting...
Error: bind EADDRINUSE null:8084
    at listenOnPrimaryHandle (node:net:1989:18)
    at rr (node:internal/cluster/child:163:12)
    at Worker.<anonymous> (node:internal/cluster/child:113:7)
    at process.onInternalMessage (node:internal/cluster/utils:49:5)
    at process.emit (node:events:536:35)
    at emit (node:internal/child_process:950:14)
    at process.processTicksAndRejections (node:internal/process/task_queues:83:21) {
  errno: -98,
  code: 'EADDRINUSE',
  syscall: 'bind',
  address: null,
  port: 8084
}
Error: bind EADDRINUSE null:8084
    at listenOnPrimaryHandle (node:net:1989:18)
    at rr (node:internal/cluster/child:163:12)
    at Worker.<anonymous> (node:internal/cluster/child:113:7)
    at process.onInternalMessage (node:internal/cluster/utils:49:5)
    at process.emit (node:events:536:35)
    at emit (node:internal/child_process:950:14)
    at process.processTicksAndRejections (node:internal/process/task_queues:83:21) {
  errno: -98,
  code: 'EADDRINUSE',
  syscall: 'bind',
  address: null,
  port: 8084
}
Error: bind EADDRINUSE null:8084
    at listenOnPrimaryHandle (node:net:1989:18)
    at rr (node:internal/cluster/child:163:12)
    at Worker.<anonymous> (node:internal/cluster/child:113:7)
    at process.onInternalMessage (node:internal/cluster/utils:49:5)
    at process.emit (node:events:536:35)
    at emit (node:internal/child_process:950:14)
    at process.processTicksAndRejections (node:internal/process/task_queues:83:21) {
  errno: -98,
  code: 'EADDRINUSE',
  syscall: 'bind',
  address: null,
  port: 8084
}
Worker 114437 died (code: 1). Restarting...
Worker 114461 died (code: 1). Restarting...
Error: bind EADDRINUSE null:8084
    at listenOnPrimaryHandle (node:net:1989:18)
    at rr (node:internal/cluster/child:163:12)
    at Worker.<anonymous> (node:internal/cluster/child:113:7)
    at process.onInternalMessage (node:internal/cluster/utils:49:5)
    at process.emit (node:events:536:35)
    at emit (node:internal/child_process:950:14)
    at process.processTicksAndRejections (node:internal/process/task_queues:83:21) {
  errno: -98,
  code: 'EADDRINUSE',
  syscall: 'bind',
  address: null,
  port: 8084
}
Worker 114444 died (code: 1). Restarting...
Worker 114463 died (code: 1). Restarting...
Error: bind EADDRINUSE null:8084
    at listenOnPrimaryHandle (node:net:1989:18)
    at rr (node:internal/cluster/child:163:12)
    at Worker.<anonymous> (node:internal/cluster/child:113:7)
    at process.onInternalMessage (node:internal/cluster/utils:49:5)
    at process.emit (node:events:536:35)
    at emit (node:internal/child_process:950:14)
    at process.processTicksAndRejections (node:internal/process/task_queues:83:21) {
  errno: -98,
  code: 'EADDRINUSE',
  syscall: 'bind',
  address: null,
  port: 8084
}
Worker 114483 died (code: 1). Restarting...
Error: bind EADDRINUSE null:8084
    at listenOnPrimaryHandle (node:net:1989:18)
    at rr (node:internal/cluster/child:163:12)
    at Worker.<anonymous> (node:internal/cluster/child:113:7)
    at process.onInternalMessage (node:internal/cluster/utils:49:5)
    at process.emit (node:events:536:35)
    at emit (node:internal/child_process:950:14)
    at process.processTicksAndRejections (node:internal/process/task_queues:83:21) {
  errno: -98,
  code: 'EADDRINUSE',
  syscall: 'bind',
  address: null,
  port: 8084
}
Error: bind EADDRINUSE null:8084
    at listenOnPrimaryHandle (node:net:1989:18)
    at rr (node:internal/cluster/child:163:12)
    at Worker.<anonymous> (node:internal/cluster/child:113:7)
    at process.onInternalMessage (node:internal/cluster/utils:49:5)
    at process.emit (node:events:536:35)
    at emit (node:internal/child_process:950:14)
    at process.processTicksAndRejections (node:internal/process/task_queues:83:21) {
  errno: -98,
  code: 'EADDRINUSE',
  syscall: 'bind',
  address: null,
  port: 8084
}
Worker 114464 died (code: 1). Restarting...
Worker 114491 died (code: 1). Restarting...
Error: bind EADDRINUSE null:8084
    at listenOnPrimaryHandle (node:net:1989:18)
    at rr (node:internal/cluster/child:163:12)
    at Worker.<anonymous> (node:internal/cluster/child:113:7)
    at process.onInternalMessage (node:internal/cluster/utils:49:5)
    at process.emit (node:events:536:35)
    at emit (node:internal/child_process:950:14)
    at process.processTicksAndRejections (node:internal/process/task_queues:83:21) {
  errno: -98,
  code: 'EADDRINUSE',
  syscall: 'bind',
  address: null,
  port: 8084
}
Worker 114555 died (code: 1). Restarting...
Error: bind EADDRINUSE null:8084
    at listenOnPrimaryHandle (node:net:1989:18)
    at rr (node:internal/cluster/child:163:12)
    at Worker.<anonymous> (node:internal/cluster/child:113:7)
    at process.onInternalMessage (node:internal/cluster/utils:49:5)
    at process.emit (node:events:536:35)
    at emit (node:internal/child_process:950:14)
    at process.processTicksAndRejections (node:internal/process/task_queues:83:21) {
  errno: -98,
  code: 'EADDRINUSE',
  syscall: 'bind',
  address: null,
  port: 8084
}
Worker 114542 died (code: 1). Restarting...
Error: bind EADDRINUSE null:8084
    at listenOnPrimaryHandle (node:net:1989:18)
    at rr (node:internal/cluster/child:163:12)
    at Worker.<anonymous> (node:internal/cluster/child:113:7)
    at process.onInternalMessage (node:internal/cluster/utils:49:5)
    at process.emit (node:events:536:35)
    at emit (node:internal/child_process:950:14)
    at process.processTicksAndRejections (node:internal/process/task_queues:83:21) {
  errno: -98,
  code: 'EADDRINUSE',
  syscall: 'bind',
  address: null,
  port: 8084
}
Worker 114553 died (code: 1). Restarting...
Error: bind EADDRINUSE null:8084
    at listenOnPrimaryHandle (node:net:1989:18)
    at rr (node:internal/cluster/child:163:12)
    at Worker.<anonymous> (node:internal/cluster/child:113:7)
    at process.onInternalMessage (node:internal/cluster/utils:49:5)
    at process.emit (node:events:536:35)
    at emit (node:internal/child_process:950:14)
    at process.processTicksAndRejections (node:internal/process/task_queues:83:21) {
  errno: -98,
  code: 'EADDRINUSE',
  syscall: 'bind',
  address: null,
  port: 8084
}
Worker 114568 died (code: 1). Restarting...
Error: bind EADDRINUSE null:8084
    at listenOnPrimaryHandle (node:net:1989:18)
    at rr (node:internal/cluster/child:163:12)
    at Worker.<anonymous> (node:internal/cluster/child:113:7)
    at process.onInternalMessage (node:internal/cluster/utils:49:5)
    at process.emit (node:events:536:35)
    at emit (node:internal/child_process:950:14)
    at process.processTicksAndRejections (node:internal/process/task_queues:83:21) {
  errno: -98,
  code: 'EADDRINUSE',
  syscall: 'bind',
  address: null,
  port: 8084
}
Worker 114566 died (code: 1). Restarting...
Error: bind EADDRINUSE null:8084
    at listenOnPrimaryHandle (node:net:1989:18)
    at rr (node:internal/cluster/child:163:12)
    at Worker.<anonymous> (node:internal/cluster/child:113:7)
    at process.onInternalMessage (node:internal/cluster/utils:49:5)
    at process.emit (node:events:536:35)
    at emit (node:internal/child_process:950:14)
    at process.processTicksAndRejections (node:internal/process/task_queues:83:21) {
  errno: -98,
  code: 'EADDRINUSE',
  syscall: 'bind',
  address: null,
  port: 8084
}
Worker 114593 died (code: 1). Restarting...
Error: bind EADDRINUSE null:8084
    at listenOnPrimaryHandle (node:net:1989:18)
    at rr (node:internal/cluster/child:163:12)
    at Worker.<anonymous> (node:internal/cluster/child:113:7)
    at process.onInternalMessage (node:internal/cluster/utils:49:5)
    at process.emit (node:events:536:35)
    at emit (node:internal/child_process:950:14)
    at process.processTicksAndRejections (node:internal/process/task_queues:83:21) {
  errno: -98,
  code: 'EADDRINUSE',
  syscall: 'bind',
  address: null,
  port: 8084
}
Error: bind EADDRINUSE null:8084
    at listenOnPrimaryHandle (node:net:1989:18)
    at rr (node:internal/cluster/child:163:12)
    at Worker.<anonymous> (node:internal/cluster/child:113:7)
    at process.onInternalMessage (node:internal/cluster/utils:49:5)
    at process.emit (node:events:536:35)
    at emit (node:internal/child_process:950:14)
    at process.processTicksAndRejections (node:internal/process/task_queues:83:21) {
  errno: -98,
  code: 'EADDRINUSE',
  syscall: 'bind',
  address: null,
  port: 8084
}
Worker 114595 died (code: 1). Restarting...
Worker 114582 died (code: 1). Restarting...
Error: bind EADDRINUSE null:8084
    at listenOnPrimaryHandle (node:net:1989:18)
    at rr (node:internal/cluster/child:163:12)
    at Worker.<anonymous> (node:internal/cluster/child:113:7)
    at process.onInternalMessage (node:internal/cluster/utils:49:5)
    at process.emit (node:events:536:35)
    at emit (node:internal/child_process:950:14)
    at process.processTicksAndRejections (node:internal/process/task_queues:83:21) {
  errno: -98,
  code: 'EADDRINUSE',
  syscall: 'bind',
  address: null,
  port: 8084
}
Worker 114665 died (code: 1). Restarting...
Error: bind EADDRINUSE null:8084
    at listenOnPrimaryHandle (node:net:1989:18)
    at rr (node:internal/cluster/child:163:12)
    at Worker.<anonymous> (node:internal/cluster/child:113:7)
    at process.onInternalMessage (node:internal/cluster/utils:49:5)
    at process.emit (node:events:536:35)
    at emit (node:internal/child_process:950:14)
    at process.processTicksAndRejections (node:internal/process/task_queues:83:21) {
  errno: -98,
  code: 'EADDRINUSE',
  syscall: 'bind',
  address: null,
  port: 8084
}
Worker 114652 died (code: 1). Restarting...
Error: bind EADDRINUSE null:8084
    at listenOnPrimaryHandle (node:net:1989:18)
    at rr (node:internal/cluster/child:163:12)
    at Worker.<anonymous> (node:internal/cluster/child:113:7)
    at process.onInternalMessage (node:internal/cluster/utils:49:5)
    at process.emit (node:events:536:35)
    at emit (node:internal/child_process:950:14)
    at process.processTicksAndRejections (node:internal/process/task_queues:83:21) {
  errno: -98,
  code: 'EADDRINUSE',
  syscall: 'bind',
  address: null,
  port: 8084
}
Error: bind EADDRINUSE null:8084
    at listenOnPrimaryHandle (node:net:1989:18)
    at rr (node:internal/cluster/child:163:12)
    at Worker.<anonymous> (node:internal/cluster/child:113:7)
    at process.onInternalMessage (node:internal/cluster/utils:49:5)
    at process.emit (node:events:536:35)
    at emit (node:internal/child_process:950:14)
    at process.processTicksAndRejections (node:internal/process/task_queues:83:21) {
  errno: -98,
  code: 'EADDRINUSE',
  syscall: 'bind',
  address: null,
  port: 8084
}
Worker 114645 died (code: 1). Restarting...
Worker 114671 died (code: 1). Restarting...
Error: bind EADDRINUSE null:8084
    at listenOnPrimaryHandle (node:net:1989:18)
    at rr (node:internal/cluster/child:163:12)
    at Worker.<anonymous> (node:internal/cluster/child:113:7)
    at process.onInternalMessage (node:internal/cluster/utils:49:5)
    at process.emit (node:events:536:35)
    at emit (node:internal/child_process:950:14)
    at process.processTicksAndRejections (node:internal/process/task_queues:83:21) {
  errno: -98,
  code: 'EADDRINUSE',
  syscall: 'bind',
  address: null,
  port: 8084
}
Worker 114686 died (code: 1). Restarting...
Error: bind EADDRINUSE null:8084
    at listenOnPrimaryHandle (node:net:1989:18)
    at rr (node:internal/cluster/child:163:12)
    at Worker.<anonymous> (node:internal/cluster/child:113:7)
    at process.onInternalMessage (node:internal/cluster/utils:49:5)
    at process.emit (node:events:536:35)
    at emit (node:internal/child_process:950:14)
    at process.processTicksAndRejections (node:internal/process/task_queues:83:21) {
  errno: -98,
  code: 'EADDRINUSE',
  syscall: 'bind',
  address: null,
  port: 8084
}
Worker 114702 died (code: 1). Restarting...
Error: bind EADDRINUSE null:8084
    at listenOnPrimaryHandle (node:net:1989:18)
    at rr (node:internal/cluster/child:163:12)
    at Worker.<anonymous> (node:internal/cluster/child:113:7)
    at process.onInternalMessage (node:internal/cluster/utils:49:5)
    at process.emit (node:events:536:35)
    at emit (node:internal/child_process:950:14)
    at process.processTicksAndRejections (node:internal/process/task_queues:83:21) {
  errno: -98,
  code: 'EADDRINUSE',
  syscall: 'bind',
  address: null,
  port: 8084
}
Error: bind EADDRINUSE null:8084
    at listenOnPrimaryHandle (node:net:1989:18)
    at rr (node:internal/cluster/child:163:12)
    at Worker.<anonymous> (node:internal/cluster/child:113:7)
    at process.onInternalMessage (node:internal/cluster/utils:49:5)
    at process.emit (node:events:536:35)
    at emit (node:internal/child_process:950:14)
    at process.processTicksAndRejections (node:internal/process/task_queues:83:21) {
  errno: -98,
  code: 'EADDRINUSE',
  syscall: 'bind',
  address: null,
  port: 8084
}
Worker 114679 died (code: 1). Restarting...
Worker 114697 died (code: 1). Restarting...
Error: bind EADDRINUSE null:8084
    at listenOnPrimaryHandle (node:net:1989:18)
    at rr (node:internal/cluster/child:163:12)
    at Worker.<anonymous> (node:internal/cluster/child:113:7)
    at process.onInternalMessage (node:internal/cluster/utils:49:5)
    at process.emit (node:events:536:35)
    at emit (node:internal/child_process:950:14)
    at process.processTicksAndRejections (node:internal/process/task_queues:83:21) {
  errno: -98,
  code: 'EADDRINUSE',
  syscall: 'bind',
  address: null,
  port: 8084
}
Worker 114763 died (code: 1). Restarting...
Error: bind EADDRINUSE null:8084
    at listenOnPrimaryHandle (node:net:1989:18)
    at rr (node:internal/cluster/child:163:12)
    at Worker.<anonymous> (node:internal/cluster/child:113:7)
    at process.onInternalMessage (node:internal/cluster/utils:49:5)
    at process.emit (node:events:536:35)
    at emit (node:internal/child_process:950:14)
    at process.processTicksAndRejections (node:internal/process/task_queues:83:21) {
  errno: -98,
  code: 'EADDRINUSE',
  syscall: 'bind',
  address: null,
  port: 8084
}
Error: bind EADDRINUSE null:8084
    at listenOnPrimaryHandle (node:net:1989:18)
    at rr (node:internal/cluster/child:163:12)
    at Worker.<anonymous> (node:internal/cluster/child:113:7)
    at process.onInternalMessage (node:internal/cluster/utils:49:5)
    at process.emit (node:events:536:35)
    at emit (node:internal/child_process:950:14)
    at process.processTicksAndRejections (node:internal/process/task_queues:83:21) {
  errno: -98,
  code: 'EADDRINUSE',
  syscall: 'bind',
  address: null,
  port: 8084
}
Worker 114762 died (code: 1). Restarting...
Worker 114761 died (code: 1). Restarting...
Error: bind EADDRINUSE null:8084
    at listenOnPrimaryHandle (node:net:1989:18)
    at rr (node:internal/cluster/child:163:12)
    at Worker.<anonymous> (node:internal/cluster/child:113:7)
    at process.onInternalMessage (node:internal/cluster/utils:49:5)
    at process.emit (node:events:536:35)
    at emit (node:internal/child_process:950:14)
    at process.processTicksAndRejections (node:internal/process/task_queues:83:21) {
  errno: -98,
  code: 'EADDRINUSE',
  syscall: 'bind',
  address: null,
  port: 8084
}
Worker 114750 died (code: 1). Restarting...
Error: bind EADDRINUSE null:8084
    at listenOnPrimaryHandle (node:net:1989:18)
    at rr (node:internal/cluster/child:163:12)
    at Worker.<anonymous> (node:internal/cluster/child:113:7)
    at process.onInternalMessage (node:internal/cluster/utils:49:5)
    at process.emit (node:events:536:35)
    at emit (node:internal/child_process:950:14)
    at process.processTicksAndRejections (node:internal/process/task_queues:83:21) {
  errno: -98,
  code: 'EADDRINUSE',
  syscall: 'bind',
  address: null,
  port: 8084
}
Worker 114786 died (code: 1). Restarting...
Error: bind EADDRINUSE null:8084
    at listenOnPrimaryHandle (node:net:1989:18)
    at rr (node:internal/cluster/child:163:12)
    at Worker.<anonymous> (node:internal/cluster/child:113:7)
    at process.onInternalMessage (node:internal/cluster/utils:49:5)
    at process.emit (node:events:536:35)
    at emit (node:internal/child_process:950:14)
    at process.processTicksAndRejections (node:internal/process/task_queues:83:21) {
  errno: -98,
  code: 'EADDRINUSE',
  syscall: 'bind',
  address: null,
  port: 8084
}
Error: bind EADDRINUSE null:8084
    at listenOnPrimaryHandle (node:net:1989:18)
    at rr (node:internal/cluster/child:163:12)
    at Worker.<anonymous> (node:internal/cluster/child:113:7)
    at process.onInternalMessage (node:internal/cluster/utils:49:5)
    at process.emit (node:events:536:35)
    at emit (node:internal/child_process:950:14)
    at process.processTicksAndRejections (node:internal/process/task_queues:83:21) {
  errno: -98,
  code: 'EADDRINUSE',
  syscall: 'bind',
  address: null,
  port: 8084
}
Worker 114810 died (code: 1). Restarting...
Worker 114800 died (code: 1). Restarting...
Error: bind EADDRINUSE null:8084
    at listenOnPrimaryHandle (node:net:1989:18)
    at rr (node:internal/cluster/child:163:12)
    at Worker.<anonymous> (node:internal/cluster/child:113:7)
    at process.onInternalMessage (node:internal/cluster/utils:49:5)
    at process.emit (node:events:536:35)
    at emit (node:internal/child_process:950:14)
    at process.processTicksAndRejections (node:internal/process/task_queues:83:21) {
  errno: -98,
  code: 'EADDRINUSE',
  syscall: 'bind',
  address: null,
  port: 8084
}
Worker 114793 died (code: 1). Restarting...
Error: bind EADDRINUSE null:8084
    at listenOnPrimaryHandle (node:net:1989:18)
    at rr (node:internal/cluster/child:163:12)
    at Worker.<anonymous> (node:internal/cluster/child:113:7)
    at process.onInternalMessage (node:internal/cluster/utils:49:5)
    at process.emit (node:events:536:35)
    at emit (node:internal/child_process:950:14)
    at process.processTicksAndRejections (node:internal/process/task_queues:83:21) {
  errno: -98,
  code: 'EADDRINUSE',
  syscall: 'bind',
  address: null,
  port: 8084
}
Worker 114857 died (code: 1). Restarting...
Error: bind EADDRINUSE null:8084
    at listenOnPrimaryHandle (node:net:1989:18)
    at rr (node:internal/cluster/child:163:12)
    at Worker.<anonymous> (node:internal/cluster/child:113:7)
    at process.onInternalMessage (node:internal/cluster/utils:49:5)
    at process.emit (node:events:536:35)
    at emit (node:internal/child_process:950:14)
    at process.processTicksAndRejections (node:internal/process/task_queues:83:21) {
  errno: -98,
  code: 'EADDRINUSE',
  syscall: 'bind',
  address: null,
  port: 8084
}
Worker 114887 died (code: 1). Restarting...
Error: bind EADDRINUSE null:8084
    at listenOnPrimaryHandle (node:net:1989:18)
    at rr (node:internal/cluster/child:163:12)
    at Worker.<anonymous> (node:internal/cluster/child:113:7)
    at process.onInternalMessage (node:internal/cluster/utils:49:5)
    at process.emit (node:events:536:35)
    at emit (node:internal/child_process:950:14)
    at process.processTicksAndRejections (node:internal/process/task_queues:83:21) {
  errno: -98,
  code: 'EADDRINUSE',
  syscall: 'bind',
  address: null,
  port: 8084
}
Worker 114866 died (code: 1). Restarting...
Error: bind EADDRINUSE null:8084
    at listenOnPrimaryHandle (node:net:1989:18)
    at rr (node:internal/cluster/child:163:12)
    at Worker.<anonymous> (node:internal/cluster/child:113:7)
    at process.onInternalMessage (node:internal/cluster/utils:49:5)
    at process.emit (node:events:536:35)
    at emit (node:internal/child_process:950:14)
    at process.processTicksAndRejections (node:internal/process/task_queues:83:21) {
  errno: -98,
  code: 'EADDRINUSE',
  syscall: 'bind',
  address: null,
  port: 8084
}
Worker 114864 died (code: 1). Restarting...
Error: bind EADDRINUSE null:8084
    at listenOnPrimaryHandle (node:net:1989:18)
    at rr (node:internal/cluster/child:163:12)
    at Worker.<anonymous> (node:internal/cluster/child:113:7)
    at process.onInternalMessage (node:internal/cluster/utils:49:5)
    at process.emit (node:events:536:35)
    at emit (node:internal/child_process:950:14)
    at process.processTicksAndRejections (node:internal/process/task_queues:83:21) {
  errno: -98,
  code: 'EADDRINUSE',
  syscall: 'bind',
  address: null,
  port: 8084
}
Worker 114898 died (code: 1). Restarting...
Error: bind EADDRINUSE null:8084
    at listenOnPrimaryHandle (node:net:1989:18)
    at rr (node:internal/cluster/child:163:12)
    at Worker.<anonymous> (node:internal/cluster/child:113:7)
    at process.onInternalMessage (node:internal/cluster/utils:49:5)
    at process.emit (node:events:536:35)
    at emit (node:internal/child_process:950:14)
    at process.processTicksAndRejections (node:internal/process/task_queues:83:21) {
  errno: -98,
  code: 'EADDRINUSE',
  syscall: 'bind',
  address: null,
  port: 8084
}
Error: bind EADDRINUSE null:8084
    at listenOnPrimaryHandle (node:net:1989:18)
    at rr (node:internal/cluster/child:163:12)
    at Worker.<anonymous> (node:internal/cluster/child:113:7)
    at process.onInternalMessage (node:internal/cluster/utils:49:5)
    at process.emit (node:events:536:35)
    at emit (node:internal/child_process:950:14)
    at process.processTicksAndRejections (node:internal/process/task_queues:83:21) {
  errno: -98,
  code: 'EADDRINUSE',
  syscall: 'bind',
  address: null,
  port: 8084
}
Worker 114928 died (code: 1). Restarting...
Worker 114909 died (code: 1). Restarting...
Error: bind EADDRINUSE null:8084
    at listenOnPrimaryHandle (node:net:1989:18)
    at rr (node:internal/cluster/child:163:12)
    at Worker.<anonymous> (node:internal/cluster/child:113:7)
    at process.onInternalMessage (node:internal/cluster/utils:49:5)
    at process.emit (node:events:536:35)
    at emit (node:internal/child_process:950:14)
    at process.processTicksAndRejections (node:internal/process/task_queues:83:21) {
  errno: -98,
  code: 'EADDRINUSE',
  syscall: 'bind',
  address: null,
  port: 8084
}
Worker 114910 died (code: 1). Restarting...
Error: bind EADDRINUSE null:8084
    at listenOnPrimaryHandle (node:net:1989:18)
    at rr (node:internal/cluster/child:163:12)
    at Worker.<anonymous> (node:internal/cluster/child:113:7)
    at process.onInternalMessage (node:internal/cluster/utils:49:5)
    at process.emit (node:events:536:35)
    at emit (node:internal/child_process:950:14)
    at process.processTicksAndRejections (node:internal/process/task_queues:83:21) {
  errno: -98,
  code: 'EADDRINUSE',
  syscall: 'bind',
  address: null,
  port: 8084
}
Worker 114961 died (code: 1). Restarting...
Error: bind EADDRINUSE null:8084
    at listenOnPrimaryHandle (node:net:1989:18)
    at rr (node:internal/cluster/child:163:12)
    at Worker.<anonymous> (node:internal/cluster/child:113:7)
    at process.onInternalMessage (node:internal/cluster/utils:49:5)
    at process.emit (node:events:536:35)
    at emit (node:internal/child_process:950:14)
    at process.processTicksAndRejections (node:internal/process/task_queues:83:21) {
  errno: -98,
  code: 'EADDRINUSE',
  syscall: 'bind',
  address: null,
  port: 8084
}
Worker 114981 died (code: 1). Restarting...
Error: bind EADDRINUSE null:8084
    at listenOnPrimaryHandle (node:net:1989:18)
    at rr (node:internal/cluster/child:163:12)
    at Worker.<anonymous> (node:internal/cluster/child:113:7)
    at process.onInternalMessage (node:internal/cluster/utils:49:5)
    at process.emit (node:events:536:35)
    at emit (node:internal/child_process:950:14)
    at process.processTicksAndRejections (node:internal/process/task_queues:83:21) {
  errno: -98,
  code: 'EADDRINUSE',
  syscall: 'bind',
  address: null,
  port: 8084
}
Worker 114995 died (code: 1). Restarting...
Error: bind EADDRINUSE null:8084
    at listenOnPrimaryHandle (node:net:1989:18)
    at rr (node:internal/cluster/child:163:12)
    at Worker.<anonymous> (node:internal/cluster/child:113:7)
    at process.onInternalMessage (node:internal/cluster/utils:49:5)
    at process.emit (node:events:536:35)
    at emit (node:internal/child_process:950:14)
    at process.processTicksAndRejections (node:internal/process/task_queues:83:21) {
  errno: -98,
  code: 'EADDRINUSE',
  syscall: 'bind',
  address: null,
  port: 8084
}
Worker 114988 died (code: 1). Restarting...
Error: bind EADDRINUSE null:8084
    at listenOnPrimaryHandle (node:net:1989:18)
    at rr (node:internal/cluster/child:163:12)
    at Worker.<anonymous> (node:internal/cluster/child:113:7)
    at process.onInternalMessage (node:internal/cluster/utils:49:5)
    at process.emit (node:events:536:35)
    at emit (node:internal/child_process:950:14)
    at process.processTicksAndRejections (node:internal/process/task_queues:83:21) {
  errno: -98,
  code: 'EADDRINUSE',
  syscall: 'bind',
  address: null,
  port: 8084
}
Error: bind EADDRINUSE null:8084
    at listenOnPrimaryHandle (node:net:1989:18)
    at rr (node:internal/cluster/child:163:12)
    at Worker.<anonymous> (node:internal/cluster/child:113:7)
    at process.onInternalMessage (node:internal/cluster/utils:49:5)
    at process.emit (node:events:536:35)
    at emit (node:internal/child_process:950:14)
    at process.processTicksAndRejections (node:internal/process/task_queues:83:21) {
  errno: -98,
  code: 'EADDRINUSE',
  syscall: 'bind',
  address: null,
  port: 8084
}
Worker 115019 died (code: 1). Restarting...
Worker 115013 died (code: 1). Restarting...
Error: bind EADDRINUSE null:8084
    at listenOnPrimaryHandle (node:net:1989:18)
    at rr (node:internal/cluster/child:163:12)
    at Worker.<anonymous> (node:internal/cluster/child:113:7)
    at process.onInternalMessage (node:internal/cluster/utils:49:5)
    at process.emit (node:events:536:35)
    at emit (node:internal/child_process:950:14)
    at process.processTicksAndRejections (node:internal/process/task_queues:83:21) {
  errno: -98,
  code: 'EADDRINUSE',
  syscall: 'bind',
  address: null,
  port: 8084
}
Worker 115033 died (code: 1). Restarting...
Error: bind EADDRINUSE null:8084
    at listenOnPrimaryHandle (node:net:1989:18)
    at rr (node:internal/cluster/child:163:12)
    at Worker.<anonymous> (node:internal/cluster/child:113:7)
    at process.onInternalMessage (node:internal/cluster/utils:49:5)
    at process.emit (node:events:536:35)
    at emit (node:internal/child_process:950:14)
    at process.processTicksAndRejections (node:internal/process/task_queues:83:21) {
  errno: -98,
  code: 'EADDRINUSE',
  syscall: 'bind',
  address: null,
  port: 8084
}
Worker 115005 died (code: 1). Restarting...
Error: bind EADDRINUSE null:8084
    at listenOnPrimaryHandle (node:net:1989:18)
    at rr (node:internal/cluster/child:163:12)
    at Worker.<anonymous> (node:internal/cluster/child:113:7)
    at process.onInternalMessage (node:internal/cluster/utils:49:5)
    at process.emit (node:events:536:35)
    at emit (node:internal/child_process:950:14)
    at process.processTicksAndRejections (node:internal/process/task_queues:83:21) {
  errno: -98,
  code: 'EADDRINUSE',
  syscall: 'bind',
  address: null,
  port: 8084
}
Worker 115080 died (code: 1). Restarting...
Error: bind EADDRINUSE null:8084
    at listenOnPrimaryHandle (node:net:1989:18)
    at rr (node:internal/cluster/child:163:12)
    at Worker.<anonymous> (node:internal/cluster/child:113:7)
    at process.onInternalMessage (node:internal/cluster/utils:49:5)
    at process.emit (node:events:536:35)
    at emit (node:internal/child_process:950:14)
    at process.processTicksAndRejections (node:internal/process/task_queues:83:21) {
  errno: -98,
  code: 'EADDRINUSE',
  syscall: 'bind',
  address: null,
  port: 8084
}
Worker 115087 died (code: 1). Restarting...
Error: bind EADDRINUSE null:8084
    at listenOnPrimaryHandle (node:net:1989:18)
    at rr (node:internal/cluster/child:163:12)
    at Worker.<anonymous> (node:internal/cluster/child:113:7)
    at process.onInternalMessage (node:internal/cluster/utils:49:5)
    at process.emit (node:events:536:35)
    at emit (node:internal/child_process:950:14)
    at process.processTicksAndRejections (node:internal/process/task_queues:83:21) {
  errno: -98,
  code: 'EADDRINUSE',
  syscall: 'bind',
  address: null,
  port: 8084
}
Error: bind EADDRINUSE null:8084
    at listenOnPrimaryHandle (node:net:1989:18)
    at rr (node:internal/cluster/child:163:12)
    at Worker.<anonymous> (node:internal/cluster/child:113:7)
    at process.onInternalMessage (node:internal/cluster/utils:49:5)
    at process.emit (node:events:536:35)
    at emit (node:internal/child_process:950:14)
    at process.processTicksAndRejections (node:internal/process/task_queues:83:21) {
  errno: -98,
  code: 'EADDRINUSE',
  syscall: 'bind',
  address: null,
  port: 8084
}
Worker 115100 died (code: 1). Restarting...
Error: bind EADDRINUSE null:8084
    at listenOnPrimaryHandle (node:net:1989:18)
    at rr (node:internal/cluster/child:163:12)
    at Worker.<anonymous> (node:internal/cluster/child:113:7)
    at process.onInternalMessage (node:internal/cluster/utils:49:5)
    at process.emit (node:events:536:35)
    at emit (node:internal/child_process:950:14)
    at process.processTicksAndRejections (node:internal/process/task_queues:83:21) {
  errno: -98,
  code: 'EADDRINUSE',
  syscall: 'bind',
  address: null,
  port: 8084
}
Worker 115097 died (code: 1). Restarting...
Worker 115112 died (code: 1). Restarting...
Error: bind EADDRINUSE null:8084
    at listenOnPrimaryHandle (node:net:1989:18)
    at rr (node:internal/cluster/child:163:12)
    at Worker.<anonymous> (node:internal/cluster/child:113:7)
    at process.onInternalMessage (node:internal/cluster/utils:49:5)
    at process.emit (node:events:536:35)
    at emit (node:internal/child_process:950:14)
    at process.processTicksAndRejections (node:internal/process/task_queues:83:21) {
  errno: -98,
  code: 'EADDRINUSE',
  syscall: 'bind',
  address: null,
  port: 8084
}
Error: bind EADDRINUSE null:8084
    at listenOnPrimaryHandle (node:net:1989:18)
    at rr (node:internal/cluster/child:163:12)
    at Worker.<anonymous> (node:internal/cluster/child:113:7)
    at process.onInternalMessage (node:internal/cluster/utils:49:5)
    at process.emit (node:events:536:35)
    at emit (node:internal/child_process:950:14)
    at process.processTicksAndRejections (node:internal/process/task_queues:83:21) {
  errno: -98,
  code: 'EADDRINUSE',
  syscall: 'bind',
  address: null,
  port: 8084
}
Worker 115113 died (code: 1). Restarting...
Worker 115125 died (code: 1). Restarting...
Error: bind EADDRINUSE null:8084
    at listenOnPrimaryHandle (node:net:1989:18)
    at rr (node:internal/cluster/child:163:12)
    at Worker.<anonymous> (node:internal/cluster/child:113:7)
    at process.onInternalMessage (node:internal/cluster/utils:49:5)
    at process.emit (node:events:536:35)
    at emit (node:internal/child_process:950:14)
    at process.processTicksAndRejections (node:internal/process/task_queues:83:21) {
  errno: -98,
  code: 'EADDRINUSE',
  syscall: 'bind',
  address: null,
  port: 8084
}
Worker 115143 died (code: 1). Restarting...
Error: bind EADDRINUSE null:8084
    at listenOnPrimaryHandle (node:net:1989:18)
    at rr (node:internal/cluster/child:163:12)
    at Worker.<anonymous> (node:internal/cluster/child:113:7)
    at process.onInternalMessage (node:internal/cluster/utils:49:5)
    at process.emit (node:events:536:35)
    at emit (node:internal/child_process:950:14)
    at process.processTicksAndRejections (node:internal/process/task_queues:83:21) {
  errno: -98,
  code: 'EADDRINUSE',
  syscall: 'bind',
  address: null,
  port: 8084
}
Worker 115180 died (code: 1). Restarting...
Error: bind EADDRINUSE null:8084
    at listenOnPrimaryHandle (node:net:1989:18)
    at rr (node:internal/cluster/child:163:12)
    at Worker.<anonymous> (node:internal/cluster/child:113:7)
    at process.onInternalMessage (node:internal/cluster/utils:49:5)
    at process.emit (node:events:536:35)
    at emit (node:internal/child_process:950:14)
    at process.processTicksAndRejections (node:internal/process/task_queues:83:21) {
  errno: -98,
  code: 'EADDRINUSE',
  syscall: 'bind',
  address: null,
  port: 8084
}
Error: bind EADDRINUSE null:8084
    at listenOnPrimaryHandle (node:net:1989:18)
    at rr (node:internal/cluster/child:163:12)
    at Worker.<anonymous> (node:internal/cluster/child:113:7)
    at process.onInternalMessage (node:internal/cluster/utils:49:5)
    at process.emit (node:events:536:35)
    at emit (node:internal/child_process:950:14)
    at process.processTicksAndRejections (node:internal/process/task_queues:83:21) {
  errno: -98,
  code: 'EADDRINUSE',
  syscall: 'bind',
  address: null,
  port: 8084
}
Worker 115196 died (code: 1). Restarting...
Worker 115204 died (code: 1). Restarting...
Error: bind EADDRINUSE null:8084
    at listenOnPrimaryHandle (node:net:1989:18)
    at rr (node:internal/cluster/child:163:12)
    at Worker.<anonymous> (node:internal/cluster/child:113:7)
    at process.onInternalMessage (node:internal/cluster/utils:49:5)
    at process.emit (node:events:536:35)
    at emit (node:internal/child_process:950:14)
    at process.processTicksAndRejections (node:internal/process/task_queues:83:21) {
  errno: -98,
  code: 'EADDRINUSE',
  syscall: 'bind',
  address: null,
  port: 8084
}
Error: bind EADDRINUSE null:8084
    at listenOnPrimaryHandle (node:net:1989:18)
    at rr (node:internal/cluster/child:163:12)
    at Worker.<anonymous> (node:internal/cluster/child:113:7)
    at process.onInternalMessage (node:internal/cluster/utils:49:5)
    at process.emit (node:events:536:35)
    at emit (node:internal/child_process:950:14)
    at process.processTicksAndRejections (node:internal/process/task_queues:83:21) {
  errno: -98,
  code: 'EADDRINUSE',
  syscall: 'bind',
  address: null,
  port: 8084
}
Error: bind EADDRINUSE null:8084
    at listenOnPrimaryHandle (node:net:1989:18)
    at rr (node:internal/cluster/child:163:12)
    at Worker.<anonymous> (node:internal/cluster/child:113:7)
    at process.onInternalMessage (node:internal/cluster/utils:49:5)
    at process.emit (node:events:536:35)
    at emit (node:internal/child_process:950:14)
    at process.processTicksAndRejections (node:internal/process/task_queues:83:21) {
  errno: -98,
  code: 'EADDRINUSE',
  syscall: 'bind',
  address: null,
  port: 8084
}
Worker 115203 died (code: 1). Restarting...
Worker 115233 died (code: 1). Restarting...
Error: bind EADDRINUSE null:8084
    at listenOnPrimaryHandle (node:net:1989:18)
    at rr (node:internal/cluster/child:163:12)
    at Worker.<anonymous> (node:internal/cluster/child:113:7)
    at process.onInternalMessage (node:internal/cluster/utils:49:5)
    at process.emit (node:events:536:35)
    at emit (node:internal/child_process:950:14)
    at process.processTicksAndRejections (node:internal/process/task_queues:83:21) {
  errno: -98,
  code: 'EADDRINUSE',
  syscall: 'bind',
  address: null,
  port: 8084
}
Error: bind EADDRINUSE null:8084
    at listenOnPrimaryHandle (node:net:1989:18)
    at rr (node:internal/cluster/child:163:12)
    at Worker.<anonymous> (node:internal/cluster/child:113:7)
    at process.onInternalMessage (node:internal/cluster/utils:49:5)
    at process.emit (node:events:536:35)
    at emit (node:internal/child_process:950:14)
    at process.processTicksAndRejections (node:internal/process/task_queues:83:21) {
  errno: -98,
  code: 'EADDRINUSE',
  syscall: 'bind',
  address: null,
  port: 8084
}
Worker 115245 died (code: 1). Restarting...
Worker 115213 died (code: 1). Restarting...
Worker 115228 died (code: 1). Restarting...
Error: bind EADDRINUSE null:8084
    at listenOnPrimaryHandle (node:net:1989:18)
    at rr (node:internal/cluster/child:163:12)
    at Worker.<anonymous> (node:internal/cluster/child:113:7)
    at process.onInternalMessage (node:internal/cluster/utils:49:5)
    at process.emit (node:events:536:35)
    at emit (node:internal/child_process:950:14)
    at process.processTicksAndRejections (node:internal/process/task_queues:83:21) {
  errno: -98,
  code: 'EADDRINUSE',
  syscall: 'bind',
  address: null,
  port: 8084
}
Worker 115287 died (code: 1). Restarting...
Error: bind EADDRINUSE null:8084
    at listenOnPrimaryHandle (node:net:1989:18)
    at rr (node:internal/cluster/child:163:12)
    at Worker.<anonymous> (node:internal/cluster/child:113:7)
    at process.onInternalMessage (node:internal/cluster/utils:49:5)
    at process.emit (node:events:536:35)
    at emit (node:internal/child_process:950:14)
    at process.processTicksAndRejections (node:internal/process/task_queues:83:21) {
  errno: -98,
  code: 'EADDRINUSE',
  syscall: 'bind',
  address: null,
  port: 8084
}
Worker 115300 died (code: 1). Restarting...
Error: bind EADDRINUSE null:8084
    at listenOnPrimaryHandle (node:net:1989:18)
    at rr (node:internal/cluster/child:163:12)
    at Worker.<anonymous> (node:internal/cluster/child:113:7)
    at process.onInternalMessage (node:internal/cluster/utils:49:5)
    at process.emit (node:events:536:35)
    at emit (node:internal/child_process:950:14)
    at process.processTicksAndRejections (node:internal/process/task_queues:83:21) {
  errno: -98,
  code: 'EADDRINUSE',
  syscall: 'bind',
  address: null,
  port: 8084
}
Error: bind EADDRINUSE null:8084
    at listenOnPrimaryHandle (node:net:1989:18)
    at rr (node:internal/cluster/child:163:12)
    at Worker.<anonymous> (node:internal/cluster/child:113:7)
    at process.onInternalMessage (node:internal/cluster/utils:49:5)
    at process.emit (node:events:536:35)
    at emit (node:internal/child_process:950:14)
    at process.processTicksAndRejections (node:internal/process/task_queues:83:21) {
  errno: -98,
  code: 'EADDRINUSE',
  syscall: 'bind',
  address: null,
  port: 8084
}
Error: bind EADDRINUSE null:8084
    at listenOnPrimaryHandle (node:net:1989:18)
    at rr (node:internal/cluster/child:163:12)
    at Worker.<anonymous> (node:internal/cluster/child:113:7)
    at process.onInternalMessage (node:internal/cluster/utils:49:5)
    at process.emit (node:events:536:35)
    at emit (node:internal/child_process:950:14)
    at process.processTicksAndRejections (node:internal/process/task_queues:83:21) {
  errno: -98,
  code: 'EADDRINUSE',
  syscall: 'bind',
  address: null,
  port: 8084
}
Worker 115333 died (code: 1). Restarting...
Error: bind EADDRINUSE null:8084
    at listenOnPrimaryHandle (node:net:1989:18)
    at rr (node:internal/cluster/child:163:12)
    at Worker.<anonymous> (node:internal/cluster/child:113:7)
    at process.onInternalMessage (node:internal/cluster/utils:49:5)
    at process.emit (node:events:536:35)
    at emit (node:internal/child_process:950:14)
    at process.processTicksAndRejections (node:internal/process/task_queues:83:21) {
  errno: -98,
  code: 'EADDRINUSE',
  syscall: 'bind',
  address: null,
  port: 8084
}
Worker 115327 died (code: 1). Restarting...
Error: bind EADDRINUSE null:8084
    at listenOnPrimaryHandle (node:net:1989:18)
    at rr (node:internal/cluster/child:163:12)
    at Worker.<anonymous> (node:internal/cluster/child:113:7)
    at process.onInternalMessage (node:internal/cluster/utils:49:5)
    at process.emit (node:events:536:35)
    at emit (node:internal/child_process:950:14)
    at process.processTicksAndRejections (node:internal/process/task_queues:83:21) {
  errno: -98,
  code: 'EADDRINUSE',
  syscall: 'bind',
  address: null,
  port: 8084
}
Worker 115319 died (code: 1). Restarting...
Worker 115320 died (code: 1). Restarting...
Worker 115305 died (code: 1). Restarting...
Error: bind EADDRINUSE null:8084
    at listenOnPrimaryHandle (node:net:1989:18)
    at rr (node:internal/cluster/child:163:12)
    at Worker.<anonymous> (node:internal/cluster/child:113:7)
    at process.onInternalMessage (node:internal/cluster/utils:49:5)
    at process.emit (node:events:536:35)
    at emit (node:internal/child_process:950:14)
    at process.processTicksAndRejections (node:internal/process/task_queues:83:21) {
  errno: -98,
  code: 'EADDRINUSE',
  syscall: 'bind',
  address: null,
  port: 8084
}
Worker 115326 died (code: 1). Restarting...
Error: bind EADDRINUSE null:8084
    at listenOnPrimaryHandle (node:net:1989:18)
    at rr (node:internal/cluster/child:163:12)
    at Worker.<anonymous> (node:internal/cluster/child:113:7)
    at process.onInternalMessage (node:internal/cluster/utils:49:5)
    at process.emit (node:events:536:35)
    at emit (node:internal/child_process:950:14)
    at process.processTicksAndRejections (node:internal/process/task_queues:83:21) {
  errno: -98,
  code: 'EADDRINUSE',
  syscall: 'bind',
  address: null,
  port: 8084
}
Error: bind EADDRINUSE null:8084
    at listenOnPrimaryHandle (node:net:1989:18)
    at rr (node:internal/cluster/child:163:12)
    at Worker.<anonymous> (node:internal/cluster/child:113:7)
    at process.onInternalMessage (node:internal/cluster/utils:49:5)
    at process.emit (node:events:536:35)
    at emit (node:internal/child_process:950:14)
    at process.processTicksAndRejections (node:internal/process/task_queues:83:21) {
  errno: -98,
  code: 'EADDRINUSE',
  syscall: 'bind',
  address: null,
  port: 8084
}
Worker 115393 died (code: 1). Restarting...
Worker 115405 died (code: 1). Restarting...
Error: bind EADDRINUSE null:8084
    at listenOnPrimaryHandle (node:net:1989:18)
    at rr (node:internal/cluster/child:163:12)
    at Worker.<anonymous> (node:internal/cluster/child:113:7)
    at process.onInternalMessage (node:internal/cluster/utils:49:5)
    at process.emit (node:events:536:35)
    at emit (node:internal/child_process:950:14)
    at process.processTicksAndRejections (node:internal/process/task_queues:83:21) {
  errno: -98,
  code: 'EADDRINUSE',
  syscall: 'bind',
  address: null,
  port: 8084
}
Worker 115429 died (code: 1). Restarting...
Error: bind EADDRINUSE null:8084
    at listenOnPrimaryHandle (node:net:1989:18)
    at rr (node:internal/cluster/child:163:12)
    at Worker.<anonymous> (node:internal/cluster/child:113:7)
    at process.onInternalMessage (node:internal/cluster/utils:49:5)
    at process.emit (node:events:536:35)
    at emit (node:internal/child_process:950:14)
    at process.processTicksAndRejections (node:internal/process/task_queues:83:21) {
  errno: -98,
  code: 'EADDRINUSE',
  syscall: 'bind',
  address: null,
  port: 8084
}
Worker 115421 died (code: 1). Restarting...
Error: bind EADDRINUSE null:8084
    at listenOnPrimaryHandle (node:net:1989:18)
    at rr (node:internal/cluster/child:163:12)
    at Worker.<anonymous> (node:internal/cluster/child:113:7)
    at process.onInternalMessage (node:internal/cluster/utils:49:5)
    at process.emit (node:events:536:35)
    at emit (node:internal/child_process:950:14)
    at process.processTicksAndRejections (node:internal/process/task_queues:83:21) {
  errno: -98,
  code: 'EADDRINUSE',
  syscall: 'bind',
  address: null,
  port: 8084
}
Error: bind EADDRINUSE null:8084
    at listenOnPrimaryHandle (node:net:1989:18)
    at rr (node:internal/cluster/child:163:12)
    at Worker.<anonymous> (node:internal/cluster/child:113:7)
    at process.onInternalMessage (node:internal/cluster/utils:49:5)
    at process.emit (node:events:536:35)
    at emit (node:internal/child_process:950:14)
    at process.processTicksAndRejections (node:internal/process/task_queues:83:21) {
  errno: -98,
  code: 'EADDRINUSE',
  syscall: 'bind',
  address: null,
  port: 8084
}
Error: bind EADDRINUSE null:8084
    at listenOnPrimaryHandle (node:net:1989:18)
    at rr (node:internal/cluster/child:163:12)
    at Worker.<anonymous> (node:internal/cluster/child:113:7)
    at process.onInternalMessage (node:internal/cluster/utils:49:5)
    at process.emit (node:events:536:35)
    at emit (node:internal/child_process:950:14)
    at process.processTicksAndRejections (node:internal/process/task_queues:83:21) {
  errno: -98,
  code: 'EADDRINUSE',
  syscall: 'bind',
  address: null,
  port: 8084
}
Worker 115422 died (code: 1). Restarting...
Worker 115466 died (code: 1). Restarting...
Worker 115435 died (code: 1). Restarting...
Error: bind EADDRINUSE null:8084
    at listenOnPrimaryHandle (node:net:1989:18)
    at rr (node:internal/cluster/child:163:12)
    at Worker.<anonymous> (node:internal/cluster/child:113:7)
    at process.onInternalMessage (node:internal/cluster/utils:49:5)
    at process.emit (node:events:536:35)
    at emit (node:internal/child_process:950:14)
    at process.processTicksAndRejections (node:internal/process/task_queues:83:21) {
  errno: -98,
  code: 'EADDRINUSE',
  syscall: 'bind',
  address: null,
  port: 8084
}
Worker 115434 died (code: 1). Restarting...
Error: bind EADDRINUSE null:8084
    at listenOnPrimaryHandle (node:net:1989:18)
    at rr (node:internal/cluster/child:163:12)
    at Worker.<anonymous> (node:internal/cluster/child:113:7)
    at process.onInternalMessage (node:internal/cluster/utils:49:5)
    at process.emit (node:events:536:35)
    at emit (node:internal/child_process:950:14)
    at process.processTicksAndRejections (node:internal/process/task_queues:83:21) {
  errno: -98,
  code: 'EADDRINUSE',
  syscall: 'bind',
  address: null,
  port: 8084
}
Error: bind EADDRINUSE null:8084
    at listenOnPrimaryHandle (node:net:1989:18)
    at rr (node:internal/cluster/child:163:12)
    at Worker.<anonymous> (node:internal/cluster/child:113:7)
    at process.onInternalMessage (node:internal/cluster/utils:49:5)
    at process.emit (node:events:536:35)
    at emit (node:internal/child_process:950:14)
    at process.processTicksAndRejections (node:internal/process/task_queues:83:21) {
  errno: -98,
  code: 'EADDRINUSE',
  syscall: 'bind',
  address: null,
  port: 8084
}
Worker 115515 died (code: 1). Restarting...
Worker 115514 died (code: 1). Restarting...
Error: bind EADDRINUSE null:8084
    at listenOnPrimaryHandle (node:net:1989:18)
    at rr (node:internal/cluster/child:163:12)
    at Worker.<anonymous> (node:internal/cluster/child:113:7)
    at process.onInternalMessage (node:internal/cluster/utils:49:5)
    at process.emit (node:events:536:35)
    at emit (node:internal/child_process:950:14)
    at process.processTicksAndRejections (node:internal/process/task_queues:83:21) {
  errno: -98,
  code: 'EADDRINUSE',
  syscall: 'bind',
  address: null,
  port: 8084
}
Worker 115528 died (code: 1). Restarting...
Error: bind EADDRINUSE null:8084
    at listenOnPrimaryHandle (node:net:1989:18)
    at rr (node:internal/cluster/child:163:12)
    at Worker.<anonymous> (node:internal/cluster/child:113:7)
    at process.onInternalMessage (node:internal/cluster/utils:49:5)
    at process.emit (node:events:536:35)
    at emit (node:internal/child_process:950:14)
    at process.processTicksAndRejections (node:internal/process/task_queues:83:21) {
  errno: -98,
  code: 'EADDRINUSE',
  syscall: 'bind',
  address: null,
  port: 8084
}
Worker 115540 died (code: 1). Restarting...
Error: bind EADDRINUSE null:8084
    at listenOnPrimaryHandle (node:net:1989:18)
    at rr (node:internal/cluster/child:163:12)
    at Worker.<anonymous> (node:internal/cluster/child:113:7)
    at process.onInternalMessage (node:internal/cluster/utils:49:5)
    at process.emit (node:events:536:35)
    at emit (node:internal/child_process:950:14)
    at process.processTicksAndRejections (node:internal/process/task_queues:83:21) {
  errno: -98,
  code: 'EADDRINUSE',
  syscall: 'bind',
  address: null,
  port: 8084
}
Worker 115548 died (code: 1). Restarting...
Error: bind EADDRINUSE null:8084
    at listenOnPrimaryHandle (node:net:1989:18)
    at rr (node:internal/cluster/child:163:12)
    at Worker.<anonymous> (node:internal/cluster/child:113:7)
    at process.onInternalMessage (node:internal/cluster/utils:49:5)
    at process.emit (node:events:536:35)
    at emit (node:internal/child_process:950:14)
    at process.processTicksAndRejections (node:internal/process/task_queues:83:21) {
  errno: -98,
  code: 'EADDRINUSE',
  syscall: 'bind',
  address: null,
  port: 8084
}
Error: bind EADDRINUSE null:8084
    at listenOnPrimaryHandle (node:net:1989:18)
    at rr (node:internal/cluster/child:163:12)
    at Worker.<anonymous> (node:internal/cluster/child:113:7)
    at process.onInternalMessage (node:internal/cluster/utils:49:5)
    at process.emit (node:events:536:35)
    at emit (node:internal/child_process:950:14)
    at process.processTicksAndRejections (node:internal/process/task_queues:83:21) {
  errno: -98,
  code: 'EADDRINUSE',
  syscall: 'bind',
  address: null,
  port: 8084
}
Worker 115550 died (code: 1). Restarting...
Worker 115581 died (code: 1). Restarting...
Error: bind EADDRINUSE null:8084
    at listenOnPrimaryHandle (node:net:1989:18)
    at rr (node:internal/cluster/child:163:12)
    at Worker.<anonymous> (node:internal/cluster/child:113:7)
    at process.onInternalMessage (node:internal/cluster/utils:49:5)
    at process.emit (node:events:536:35)
    at emit (node:internal/child_process:950:14)
    at process.processTicksAndRejections (node:internal/process/task_queues:83:21) {
  errno: -98,
  code: 'EADDRINUSE',
  syscall: 'bind',
  address: null,
  port: 8084
}
Worker 115549 died (code: 1). Restarting...
Error: bind EADDRINUSE null:8084
    at listenOnPrimaryHandle (node:net:1989:18)
    at rr (node:internal/cluster/child:163:12)
    at Worker.<anonymous> (node:internal/cluster/child:113:7)
    at process.onInternalMessage (node:internal/cluster/utils:49:5)
    at process.emit (node:events:536:35)
    at emit (node:internal/child_process:950:14)
    at process.processTicksAndRejections (node:internal/process/task_queues:83:21) {
  errno: -98,
  code: 'EADDRINUSE',
  syscall: 'bind',
  address: null,
  port: 8084
}
Worker 115620 died (code: 1). Restarting...
Error: bind EADDRINUSE null:8084
    at listenOnPrimaryHandle (node:net:1989:18)
    at rr (node:internal/cluster/child:163:12)
    at Worker.<anonymous> (node:internal/cluster/child:113:7)
    at process.onInternalMessage (node:internal/cluster/utils:49:5)
    at process.emit (node:events:536:35)
    at emit (node:internal/child_process:950:14)
    at process.processTicksAndRejections (node:internal/process/task_queues:83:21) {
  errno: -98,
  code: 'EADDRINUSE',
  syscall: 'bind',
  address: null,
  port: 8084
}
Worker 115637 died (code: 1). Restarting...
Error: bind EADDRINUSE null:8084
    at listenOnPrimaryHandle (node:net:1989:18)
    at rr (node:internal/cluster/child:163:12)
    at Worker.<anonymous> (node:internal/cluster/child:113:7)
    at process.onInternalMessage (node:internal/cluster/utils:49:5)
    at process.emit (node:events:536:35)
    at emit (node:internal/child_process:950:14)
    at process.processTicksAndRejections (node:internal/process/task_queues:83:21) {
  errno: -98,
  code: 'EADDRINUSE',
  syscall: 'bind',
  address: null,
  port: 8084
}
Worker 115619 died (code: 1). Restarting...
Error: bind EADDRINUSE null:8084
    at listenOnPrimaryHandle (node:net:1989:18)
    at rr (node:internal/cluster/child:163:12)
    at Worker.<anonymous> (node:internal/cluster/child:113:7)
    at process.onInternalMessage (node:internal/cluster/utils:49:5)
    at process.emit (node:events:536:35)
    at emit (node:internal/child_process:950:14)
    at process.processTicksAndRejections (node:internal/process/task_queues:83:21) {
  errno: -98,
  code: 'EADDRINUSE',
  syscall: 'bind',
  address: null,
  port: 8084
}
Worker 115655 died (code: 1). Restarting...
Error: bind EADDRINUSE null:8084
    at listenOnPrimaryHandle (node:net:1989:18)
    at rr (node:internal/cluster/child:163:12)
    at Worker.<anonymous> (node:internal/cluster/child:113:7)
    at process.onInternalMessage (node:internal/cluster/utils:49:5)
    at process.emit (node:events:536:35)
    at emit (node:internal/child_process:950:14)
    at process.processTicksAndRejections (node:internal/process/task_queues:83:21) {
  errno: -98,
  code: 'EADDRINUSE',
  syscall: 'bind',
  address: null,
  port: 8084
}
Worker 115644 died (code: 1). Restarting...
Error: bind EADDRINUSE null:8084
    at listenOnPrimaryHandle (node:net:1989:18)
    at rr (node:internal/cluster/child:163:12)
    at Worker.<anonymous> (node:internal/cluster/child:113:7)
    at process.onInternalMessage (node:internal/cluster/utils:49:5)
    at process.emit (node:events:536:35)
    at emit (node:internal/child_process:950:14)
    at process.processTicksAndRejections (node:internal/process/task_queues:83:21) {
  errno: -98,
  code: 'EADDRINUSE',
  syscall: 'bind',
  address: null,
  port: 8084
}
Worker 115667 died (code: 1). Restarting...
Error: bind EADDRINUSE null:8084
    at listenOnPrimaryHandle (node:net:1989:18)
    at rr (node:internal/cluster/child:163:12)
    at Worker.<anonymous> (node:internal/cluster/child:113:7)
    at process.onInternalMessage (node:internal/cluster/utils:49:5)
    at process.emit (node:events:536:35)
    at emit (node:internal/child_process:950:14)
    at process.processTicksAndRejections (node:internal/process/task_queues:83:21) {
  errno: -98,
  code: 'EADDRINUSE',
  syscall: 'bind',
  address: null,
  port: 8084
}
Worker 115666 died (code: 1). Restarting...
Error: bind EADDRINUSE null:8084
    at listenOnPrimaryHandle (node:net:1989:18)
    at rr (node:internal/cluster/child:163:12)
    at Worker.<anonymous> (node:internal/cluster/child:113:7)
    at process.onInternalMessage (node:internal/cluster/utils:49:5)
    at process.emit (node:events:536:35)
    at emit (node:internal/child_process:950:14)
    at process.processTicksAndRejections (node:internal/process/task_queues:83:21) {
  errno: -98,
  code: 'EADDRINUSE',
  syscall: 'bind',
  address: null,
  port: 8084
}
Worker 115695 died (code: 1). Restarting...
Error: bind EADDRINUSE null:8084
    at listenOnPrimaryHandle (node:net:1989:18)
    at rr (node:internal/cluster/child:163:12)
    at Worker.<anonymous> (node:internal/cluster/child:113:7)
    at process.onInternalMessage (node:internal/cluster/utils:49:5)
    at process.emit (node:events:536:35)
    at emit (node:internal/child_process:950:14)
    at process.processTicksAndRejections (node:internal/process/task_queues:83:21) {
  errno: -98,
  code: 'EADDRINUSE',
  syscall: 'bind',
  address: null,
  port: 8084
}
Worker 115724 died (code: 1). Restarting...
Error: bind EADDRINUSE null:8084
    at listenOnPrimaryHandle (node:net:1989:18)
    at rr (node:internal/cluster/child:163:12)
    at Worker.<anonymous> (node:internal/cluster/child:113:7)
    at process.onInternalMessage (node:internal/cluster/utils:49:5)
    at process.emit (node:events:536:35)
    at emit (node:internal/child_process:950:14)
    at process.processTicksAndRejections (node:internal/process/task_queues:83:21) {
  errno: -98,
  code: 'EADDRINUSE',
  syscall: 'bind',
  address: null,
  port: 8084
}
Worker 115738 died (code: 1). Restarting...
Error: bind EADDRINUSE null:8084
    at listenOnPrimaryHandle (node:net:1989:18)
    at rr (node:internal/cluster/child:163:12)
    at Worker.<anonymous> (node:internal/cluster/child:113:7)
    at process.onInternalMessage (node:internal/cluster/utils:49:5)
    at process.emit (node:events:536:35)
    at emit (node:internal/child_process:950:14)
    at process.processTicksAndRejections (node:internal/process/task_queues:83:21) {
  errno: -98,
  code: 'EADDRINUSE',
  syscall: 'bind',
  address: null,
  port: 8084
}
Worker 115730 died (code: 1). Restarting...
Error: bind EADDRINUSE null:8084
    at listenOnPrimaryHandle (node:net:1989:18)
    at rr (node:internal/cluster/child:163:12)
    at Worker.<anonymous> (node:internal/cluster/child:113:7)
    at process.onInternalMessage (node:internal/cluster/utils:49:5)
    at process.emit (node:events:536:35)
    at emit (node:internal/child_process:950:14)
    at process.processTicksAndRejections (node:internal/process/task_queues:83:21) {
  errno: -98,
  code: 'EADDRINUSE',
  syscall: 'bind',
  address: null,
  port: 8084
}
Worker 115754 died (code: 1). Restarting...
Error: bind EADDRINUSE null:8084
    at listenOnPrimaryHandle (node:net:1989:18)
    at rr (node:internal/cluster/child:163:12)
    at Worker.<anonymous> (node:internal/cluster/child:113:7)
    at process.onInternalMessage (node:internal/cluster/utils:49:5)
    at process.emit (node:events:536:35)
    at emit (node:internal/child_process:950:14)
    at process.processTicksAndRejections (node:internal/process/task_queues:83:21) {
  errno: -98,
  code: 'EADDRINUSE',
  syscall: 'bind',
  address: null,
  port: 8084
}
Error: bind EADDRINUSE null:8084
    at listenOnPrimaryHandle (node:net:1989:18)
    at rr (node:internal/cluster/child:163:12)
    at Worker.<anonymous> (node:internal/cluster/child:113:7)
    at process.onInternalMessage (node:internal/cluster/utils:49:5)
    at process.emit (node:events:536:35)
    at emit (node:internal/child_process:950:14)
    at process.processTicksAndRejections (node:internal/process/task_queues:83:21) {
  errno: -98,
  code: 'EADDRINUSE',
  syscall: 'bind',
  address: null,
  port: 8084
}
Worker 115761 died (code: 1). Restarting...
Worker 115772 died (code: 1). Restarting...
Error: bind EADDRINUSE null:8084
    at listenOnPrimaryHandle (node:net:1989:18)
    at rr (node:internal/cluster/child:163:12)
    at Worker.<anonymous> (node:internal/cluster/child:113:7)
    at process.onInternalMessage (node:internal/cluster/utils:49:5)
    at process.emit (node:events:536:35)
    at emit (node:internal/child_process:950:14)
    at process.processTicksAndRejections (node:internal/process/task_queues:83:21) {
  errno: -98,
  code: 'EADDRINUSE',
  syscall: 'bind',
  address: null,
  port: 8084
}
Worker 115783 died (code: 1). Restarting...
Error: bind EADDRINUSE null:8084
    at listenOnPrimaryHandle (node:net:1989:18)
    at rr (node:internal/cluster/child:163:12)
    at Worker.<anonymous> (node:internal/cluster/child:113:7)
    at process.onInternalMessage (node:internal/cluster/utils:49:5)
    at process.emit (node:events:536:35)
    at emit (node:internal/child_process:950:14)
    at process.processTicksAndRejections (node:internal/process/task_queues:83:21) {
  errno: -98,
  code: 'EADDRINUSE',
  syscall: 'bind',
  address: null,
  port: 8084
}
Worker 115804 died (code: 1). Restarting...
Error: bind EADDRINUSE null:8084
    at listenOnPrimaryHandle (node:net:1989:18)
    at rr (node:internal/cluster/child:163:12)
    at Worker.<anonymous> (node:internal/cluster/child:113:7)
    at process.onInternalMessage (node:internal/cluster/utils:49:5)
    at process.emit (node:events:536:35)
    at emit (node:internal/child_process:950:14)
    at process.processTicksAndRejections (node:internal/process/task_queues:83:21) {
  errno: -98,
  code: 'EADDRINUSE',
  syscall: 'bind',
  address: null,
  port: 8084
}
Worker 115828 died (code: 1). Restarting...
Error: bind EADDRINUSE null:8084
    at listenOnPrimaryHandle (node:net:1989:18)
    at rr (node:internal/cluster/child:163:12)
    at Worker.<anonymous> (node:internal/cluster/child:113:7)
    at process.onInternalMessage (node:internal/cluster/utils:49:5)
    at process.emit (node:events:536:35)
    at emit (node:internal/child_process:950:14)
    at process.processTicksAndRejections (node:internal/process/task_queues:83:21) {
  errno: -98,
  code: 'EADDRINUSE',
  syscall: 'bind',
  address: null,
  port: 8084
}
Worker 115839 died (code: 1). Restarting...
Error: bind EADDRINUSE null:8084
    at listenOnPrimaryHandle (node:net:1989:18)
    at rr (node:internal/cluster/child:163:12)
    at Worker.<anonymous> (node:internal/cluster/child:113:7)
    at process.onInternalMessage (node:internal/cluster/utils:49:5)
    at process.emit (node:events:536:35)
    at emit (node:internal/child_process:950:14)
    at process.processTicksAndRejections (node:internal/process/task_queues:83:21) {
  errno: -98,
  code: 'EADDRINUSE',
  syscall: 'bind',
  address: null,
  port: 8084
}
Error: bind EADDRINUSE null:8084
    at listenOnPrimaryHandle (node:net:1989:18)
    at rr (node:internal/cluster/child:163:12)
    at Worker.<anonymous> (node:internal/cluster/child:113:7)
    at process.onInternalMessage (node:internal/cluster/utils:49:5)
    at process.emit (node:events:536:35)
    at emit (node:internal/child_process:950:14)
    at process.processTicksAndRejections (node:internal/process/task_queues:83:21) {
  errno: -98,
  code: 'EADDRINUSE',
  syscall: 'bind',
  address: null,
  port: 8084
}
Worker 115867 died (code: 1). Restarting...
Error: bind EADDRINUSE null:8084
    at listenOnPrimaryHandle (node:net:1989:18)
    at rr (node:internal/cluster/child:163:12)
    at Worker.<anonymous> (node:internal/cluster/child:113:7)
    at process.onInternalMessage (node:internal/cluster/utils:49:5)
    at process.emit (node:events:536:35)
    at emit (node:internal/child_process:950:14)
    at process.processTicksAndRejections (node:internal/process/task_queues:83:21) {
  errno: -98,
  code: 'EADDRINUSE',
  syscall: 'bind',
  address: null,
  port: 8084
}
Worker 115850 died (code: 1). Restarting...
Worker 115869 died (code: 1). Restarting...
Error: bind EADDRINUSE null:8084
    at listenOnPrimaryHandle (node:net:1989:18)
    at rr (node:internal/cluster/child:163:12)
    at Worker.<anonymous> (node:internal/cluster/child:113:7)
    at process.onInternalMessage (node:internal/cluster/utils:49:5)
    at process.emit (node:events:536:35)
    at emit (node:internal/child_process:950:14)
    at process.processTicksAndRejections (node:internal/process/task_queues:83:21) {
  errno: -98,
  code: 'EADDRINUSE',
  syscall: 'bind',
  address: null,
  port: 8084
}
Worker 115857 died (code: 1). Restarting...
Error: bind EADDRINUSE null:8084
    at listenOnPrimaryHandle (node:net:1989:18)
    at rr (node:internal/cluster/child:163:12)
    at Worker.<anonymous> (node:internal/cluster/child:113:7)
    at process.onInternalMessage (node:internal/cluster/utils:49:5)
    at process.emit (node:events:536:35)
    at emit (node:internal/child_process:950:14)
    at process.processTicksAndRejections (node:internal/process/task_queues:83:21) {
  errno: -98,
  code: 'EADDRINUSE',
  syscall: 'bind',
  address: null,
  port: 8084
}
Worker 115887 died (code: 1). Restarting...
Error: bind EADDRINUSE null:8084
    at listenOnPrimaryHandle (node:net:1989:18)
    at rr (node:internal/cluster/child:163:12)
    at Worker.<anonymous> (node:internal/cluster/child:113:7)
    at process.onInternalMessage (node:internal/cluster/utils:49:5)
    at process.emit (node:events:536:35)
    at emit (node:internal/child_process:950:14)
    at process.processTicksAndRejections (node:internal/process/task_queues:83:21) {
  errno: -98,
  code: 'EADDRINUSE',
  syscall: 'bind',
  address: null,
  port: 8084
}
Worker 115916 died (code: 1). Restarting...
Error: bind EADDRINUSE null:8084
    at listenOnPrimaryHandle (node:net:1989:18)
    at rr (node:internal/cluster/child:163:12)
    at Worker.<anonymous> (node:internal/cluster/child:113:7)
    at process.onInternalMessage (node:internal/cluster/utils:49:5)
    at process.emit (node:events:536:35)
    at emit (node:internal/child_process:950:14)
    at process.processTicksAndRejections (node:internal/process/task_queues:83:21) {
  errno: -98,
  code: 'EADDRINUSE',
  syscall: 'bind',
  address: null,
  port: 8084
}
Worker 115932 died (code: 1). Restarting...
Error: bind EADDRINUSE null:8084
    at listenOnPrimaryHandle (node:net:1989:18)
    at rr (node:internal/cluster/child:163:12)
    at Worker.<anonymous> (node:internal/cluster/child:113:7)
    at process.onInternalMessage (node:internal/cluster/utils:49:5)
    at process.emit (node:events:536:35)
    at emit (node:internal/child_process:950:14)
    at process.processTicksAndRejections (node:internal/process/task_queues:83:21) {
  errno: -98,
  code: 'EADDRINUSE',
  syscall: 'bind',
  address: null,
  port: 8084
}
Worker 115941 died (code: 1). Restarting...
Error: bind EADDRINUSE null:8084
    at listenOnPrimaryHandle (node:net:1989:18)
    at rr (node:internal/cluster/child:163:12)
    at Worker.<anonymous> (node:internal/cluster/child:113:7)
    at process.onInternalMessage (node:internal/cluster/utils:49:5)
    at process.emit (node:events:536:35)
    at emit (node:internal/child_process:950:14)
    at process.processTicksAndRejections (node:internal/process/task_queues:83:21) {
  errno: -98,
  code: 'EADDRINUSE',
  syscall: 'bind',
  address: null,
  port: 8084
}
Worker 115959 died (code: 1). Restarting...
Error: bind EADDRINUSE null:8084
    at listenOnPrimaryHandle (node:net:1989:18)
    at rr (node:internal/cluster/child:163:12)
    at Worker.<anonymous> (node:internal/cluster/child:113:7)
    at process.onInternalMessage (node:internal/cluster/utils:49:5)
    at process.emit (node:events:536:35)
    at emit (node:internal/child_process:950:14)
    at process.processTicksAndRejections (node:internal/process/task_queues:83:21) {
  errno: -98,
  code: 'EADDRINUSE',
  syscall: 'bind',
  address: null,
  port: 8084
}
Error: bind EADDRINUSE null:8084
    at listenOnPrimaryHandle (node:net:1989:18)
    at rr (node:internal/cluster/child:163:12)
    at Worker.<anonymous> (node:internal/cluster/child:113:7)
    at process.onInternalMessage (node:internal/cluster/utils:49:5)
    at process.emit (node:events:536:35)
    at emit (node:internal/child_process:950:14)
    at process.processTicksAndRejections (node:internal/process/task_queues:83:21) {
  errno: -98,
  code: 'EADDRINUSE',
  syscall: 'bind',
  address: null,
  port: 8084
}
Worker 115974 died (code: 1). Restarting...
Worker 115966 died (code: 1). Restarting...
Error: bind EADDRINUSE null:8084
    at listenOnPrimaryHandle (node:net:1989:18)
    at rr (node:internal/cluster/child:163:12)
    at Worker.<anonymous> (node:internal/cluster/child:113:7)
    at process.onInternalMessage (node:internal/cluster/utils:49:5)
    at process.emit (node:events:536:35)
    at emit (node:internal/child_process:950:14)
    at process.processTicksAndRejections (node:internal/process/task_queues:83:21) {
  errno: -98,
  code: 'EADDRINUSE',
  syscall: 'bind',
  address: null,
  port: 8084
}
Worker 115960 died (code: 1). Restarting...
Error: bind EADDRINUSE null:8084
    at listenOnPrimaryHandle (node:net:1989:18)
    at rr (node:internal/cluster/child:163:12)
    at Worker.<anonymous> (node:internal/cluster/child:113:7)
    at process.onInternalMessage (node:internal/cluster/utils:49:5)
    at process.emit (node:events:536:35)
    at emit (node:internal/child_process:950:14)
    at process.processTicksAndRejections (node:internal/process/task_queues:83:21) {
  errno: -98,
  code: 'EADDRINUSE',
  syscall: 'bind',
  address: null,
  port: 8084
}
Worker 116000 died (code: 1). Restarting...
Error: bind EADDRINUSE null:8084
    at listenOnPrimaryHandle (node:net:1989:18)
    at rr (node:internal/cluster/child:163:12)
    at Worker.<anonymous> (node:internal/cluster/child:113:7)
    at process.onInternalMessage (node:internal/cluster/utils:49:5)
    at process.emit (node:events:536:35)
    at emit (node:internal/child_process:950:14)
    at process.processTicksAndRejections (node:internal/process/task_queues:83:21) {
  errno: -98,
  code: 'EADDRINUSE',
  syscall: 'bind',
  address: null,
  port: 8084
}
Error: bind EADDRINUSE null:8084
    at listenOnPrimaryHandle (node:net:1989:18)
    at rr (node:internal/cluster/child:163:12)
    at Worker.<anonymous> (node:internal/cluster/child:113:7)
    at process.onInternalMessage (node:internal/cluster/utils:49:5)
    at process.emit (node:events:536:35)
    at emit (node:internal/child_process:950:14)
    at process.processTicksAndRejections (node:internal/process/task_queues:83:21) {
  errno: -98,
  code: 'EADDRINUSE',
  syscall: 'bind',
  address: null,
  port: 8084
}
Worker 116036 died (code: 1). Restarting...
Worker 116020 died (code: 1). Restarting...
Error: bind EADDRINUSE null:8084
    at listenOnPrimaryHandle (node:net:1989:18)
    at rr (node:internal/cluster/child:163:12)
    at Worker.<anonymous> (node:internal/cluster/child:113:7)
    at process.onInternalMessage (node:internal/cluster/utils:49:5)
    at process.emit (node:events:536:35)
    at emit (node:internal/child_process:950:14)
    at process.processTicksAndRejections (node:internal/process/task_queues:83:21) {
  errno: -98,
  code: 'EADDRINUSE',
  syscall: 'bind',
  address: null,
  port: 8084
}
Worker 116051 died (code: 1). Restarting...
Error: bind EADDRINUSE null:8084
    at listenOnPrimaryHandle (node:net:1989:18)
    at rr (node:internal/cluster/child:163:12)
    at Worker.<anonymous> (node:internal/cluster/child:113:7)
    at process.onInternalMessage (node:internal/cluster/utils:49:5)
    at process.emit (node:events:536:35)
    at emit (node:internal/child_process:950:14)
    at process.processTicksAndRejections (node:internal/process/task_queues:83:21) {
  errno: -98,
  code: 'EADDRINUSE',
  syscall: 'bind',
  address: null,
  port: 8084
}
Worker 116062 died (code: 1). Restarting...
Error: bind EADDRINUSE null:8084
    at listenOnPrimaryHandle (node:net:1989:18)
    at rr (node:internal/cluster/child:163:12)
    at Worker.<anonymous> (node:internal/cluster/child:113:7)
    at process.onInternalMessage (node:internal/cluster/utils:49:5)
    at process.emit (node:events:536:35)
    at emit (node:internal/child_process:950:14)
    at process.processTicksAndRejections (node:internal/process/task_queues:83:21) {
  errno: -98,
  code: 'EADDRINUSE',
  syscall: 'bind',
  address: null,
  port: 8084
}
Worker 116071 died (code: 1). Restarting...
Error: bind EADDRINUSE null:8084
    at listenOnPrimaryHandle (node:net:1989:18)
    at rr (node:internal/cluster/child:163:12)
    at Worker.<anonymous> (node:internal/cluster/child:113:7)
    at process.onInternalMessage (node:internal/cluster/utils:49:5)
    at process.emit (node:events:536:35)
    at emit (node:internal/child_process:950:14)
    at process.processTicksAndRejections (node:internal/process/task_queues:83:21) {
  errno: -98,
  code: 'EADDRINUSE',
  syscall: 'bind',
  address: null,
  port: 8084
}
Error: bind EADDRINUSE null:8084
    at listenOnPrimaryHandle (node:net:1989:18)
    at rr (node:internal/cluster/child:163:12)
    at Worker.<anonymous> (node:internal/cluster/child:113:7)
    at process.onInternalMessage (node:internal/cluster/utils:49:5)
    at process.emit (node:events:536:35)
    at emit (node:internal/child_process:950:14)
    at process.processTicksAndRejections (node:internal/process/task_queues:83:21) {
  errno: -98,
  code: 'EADDRINUSE',
  syscall: 'bind',
  address: null,
  port: 8084
}
Worker 116090 died (code: 1). Restarting...
Worker 116070 died (code: 1). Restarting...
Error: bind EADDRINUSE null:8084
    at listenOnPrimaryHandle (node:net:1989:18)
    at rr (node:internal/cluster/child:163:12)
    at Worker.<anonymous> (node:internal/cluster/child:113:7)
    at process.onInternalMessage (node:internal/cluster/utils:49:5)
    at process.emit (node:events:536:35)
    at emit (node:internal/child_process:950:14)
    at process.processTicksAndRejections (node:internal/process/task_queues:83:21) {
  errno: -98,
  code: 'EADDRINUSE',
  syscall: 'bind',
  address: null,
  port: 8084
}
Worker 116106 died (code: 1). Restarting...
Error: bind EADDRINUSE null:8084
    at listenOnPrimaryHandle (node:net:1989:18)
    at rr (node:internal/cluster/child:163:12)
    at Worker.<anonymous> (node:internal/cluster/child:113:7)
    at process.onInternalMessage (node:internal/cluster/utils:49:5)
    at process.emit (node:events:536:35)
    at emit (node:internal/child_process:950:14)
    at process.processTicksAndRejections (node:internal/process/task_queues:83:21) {
  errno: -98,
  code: 'EADDRINUSE',
  syscall: 'bind',
  address: null,
  port: 8084
}
Error: bind EADDRINUSE null:8084
    at listenOnPrimaryHandle (node:net:1989:18)
    at rr (node:internal/cluster/child:163:12)
    at Worker.<anonymous> (node:internal/cluster/child:113:7)
    at process.onInternalMessage (node:internal/cluster/utils:49:5)
    at process.emit (node:events:536:35)
    at emit (node:internal/child_process:950:14)
    at process.processTicksAndRejections (node:internal/process/task_queues:83:21) {
  errno: -98,
  code: 'EADDRINUSE',
  syscall: 'bind',
  address: null,
  port: 8084
}
Worker 116137 died (code: 1). Restarting...
Worker 116135 died (code: 1). Restarting...
Error: bind EADDRINUSE null:8084
    at listenOnPrimaryHandle (node:net:1989:18)
    at rr (node:internal/cluster/child:163:12)
    at Worker.<anonymous> (node:internal/cluster/child:113:7)
    at process.onInternalMessage (node:internal/cluster/utils:49:5)
    at process.emit (node:events:536:35)
    at emit (node:internal/child_process:950:14)
    at process.processTicksAndRejections (node:internal/process/task_queues:83:21) {
  errno: -98,
  code: 'EADDRINUSE',
  syscall: 'bind',
  address: null,
  port: 8084
}
Error: bind EADDRINUSE null:8084
    at listenOnPrimaryHandle (node:net:1989:18)
    at rr (node:internal/cluster/child:163:12)
    at Worker.<anonymous> (node:internal/cluster/child:113:7)
    at process.onInternalMessage (node:internal/cluster/utils:49:5)
    at process.emit (node:events:536:35)
    at emit (node:internal/child_process:950:14)
    at process.processTicksAndRejections (node:internal/process/task_queues:83:21) {
  errno: -98,
  code: 'EADDRINUSE',
  syscall: 'bind',
  address: null,
  port: 8084
}
Worker 116165 died (code: 1). Restarting...
Worker 116154 died (code: 1). Restarting...
Error: bind EADDRINUSE null:8084
    at listenOnPrimaryHandle (node:net:1989:18)
    at rr (node:internal/cluster/child:163:12)
    at Worker.<anonymous> (node:internal/cluster/child:113:7)
    at process.onInternalMessage (node:internal/cluster/utils:49:5)
    at process.emit (node:events:536:35)
    at emit (node:internal/child_process:950:14)
    at process.processTicksAndRejections (node:internal/process/task_queues:83:21) {
  errno: -98,
  code: 'EADDRINUSE',
  syscall: 'bind',
  address: null,
  port: 8084
}
Worker 116177 died (code: 1). Restarting...
Error: bind EADDRINUSE null:8084
    at listenOnPrimaryHandle (node:net:1989:18)
    at rr (node:internal/cluster/child:163:12)
    at Worker.<anonymous> (node:internal/cluster/child:113:7)
    at process.onInternalMessage (node:internal/cluster/utils:49:5)
    at process.emit (node:events:536:35)
    at emit (node:internal/child_process:950:14)
    at process.processTicksAndRejections (node:internal/process/task_queues:83:21) {
  errno: -98,
  code: 'EADDRINUSE',
  syscall: 'bind',
  address: null,
  port: 8084
}
Worker 116193 died (code: 1). Restarting...
Error: bind EADDRINUSE null:8084
    at listenOnPrimaryHandle (node:net:1989:18)
    at rr (node:internal/cluster/child:163:12)
    at Worker.<anonymous> (node:internal/cluster/child:113:7)
    at process.onInternalMessage (node:internal/cluster/utils:49:5)
    at process.emit (node:events:536:35)
    at emit (node:internal/child_process:950:14)
    at process.processTicksAndRejections (node:internal/process/task_queues:83:21) {
  errno: -98,
  code: 'EADDRINUSE',
  syscall: 'bind',
  address: null,
  port: 8084
}
Worker 116194 died (code: 1). Restarting...
Error: bind EADDRINUSE null:8084
    at listenOnPrimaryHandle (node:net:1989:18)
    at rr (node:internal/cluster/child:163:12)
    at Worker.<anonymous> (node:internal/cluster/child:113:7)
    at process.onInternalMessage (node:internal/cluster/utils:49:5)
    at process.emit (node:events:536:35)
    at emit (node:internal/child_process:950:14)
    at process.processTicksAndRejections (node:internal/process/task_queues:83:21) {
  errno: -98,
  code: 'EADDRINUSE',
  syscall: 'bind',
  address: null,
  port: 8084
}
Worker 116214 died (code: 1). Restarting...
Error: bind EADDRINUSE null:8084
    at listenOnPrimaryHandle (node:net:1989:18)
    at rr (node:internal/cluster/child:163:12)
    at Worker.<anonymous> (node:internal/cluster/child:113:7)
    at process.onInternalMessage (node:internal/cluster/utils:49:5)
    at process.emit (node:events:536:35)
    at emit (node:internal/child_process:950:14)
    at process.processTicksAndRejections (node:internal/process/task_queues:83:21) {
  errno: -98,
  code: 'EADDRINUSE',
  syscall: 'bind',
  address: null,
  port: 8084
}
Worker 116231 died (code: 1). Restarting...
Error: bind EADDRINUSE null:8084
    at listenOnPrimaryHandle (node:net:1989:18)
    at rr (node:internal/cluster/child:163:12)
    at Worker.<anonymous> (node:internal/cluster/child:113:7)
    at process.onInternalMessage (node:internal/cluster/utils:49:5)
    at process.emit (node:events:536:35)
    at emit (node:internal/child_process:950:14)
    at process.processTicksAndRejections (node:internal/process/task_queues:83:21) {
  errno: -98,
  code: 'EADDRINUSE',
  syscall: 'bind',
  address: null,
  port: 8084
}
Worker 116232 died (code: 1). Restarting...
Error: bind EADDRINUSE null:8084
    at listenOnPrimaryHandle (node:net:1989:18)
    at rr (node:internal/cluster/child:163:12)
    at Worker.<anonymous> (node:internal/cluster/child:113:7)
    at process.onInternalMessage (node:internal/cluster/utils:49:5)
    at process.emit (node:events:536:35)
    at emit (node:internal/child_process:950:14)
    at process.processTicksAndRejections (node:internal/process/task_queues:83:21) {
  errno: -98,
  code: 'EADDRINUSE',
  syscall: 'bind',
  address: null,
  port: 8084
}
Worker 116263 died (code: 1). Restarting...
Error: bind EADDRINUSE null:8084
    at listenOnPrimaryHandle (node:net:1989:18)
    at rr (node:internal/cluster/child:163:12)
    at Worker.<anonymous> (node:internal/cluster/child:113:7)
    at process.onInternalMessage (node:internal/cluster/utils:49:5)
    at process.emit (node:events:536:35)
    at emit (node:internal/child_process:950:14)
    at process.processTicksAndRejections (node:internal/process/task_queues:83:21) {
  errno: -98,
  code: 'EADDRINUSE',
  syscall: 'bind',
  address: null,
  port: 8084
}
Worker 116258 died (code: 1). Restarting...
Error: bind EADDRINUSE null:8084
    at listenOnPrimaryHandle (node:net:1989:18)
    at rr (node:internal/cluster/child:163:12)
    at Worker.<anonymous> (node:internal/cluster/child:113:7)
    at process.onInternalMessage (node:internal/cluster/utils:49:5)
    at process.emit (node:events:536:35)
    at emit (node:internal/child_process:950:14)
    at process.processTicksAndRejections (node:internal/process/task_queues:83:21) {
  errno: -98,
  code: 'EADDRINUSE',
  syscall: 'bind',
  address: null,
  port: 8084
}
Worker 116281 died (code: 1). Restarting...
Error: bind EADDRINUSE null:8084
    at listenOnPrimaryHandle (node:net:1989:18)
    at rr (node:internal/cluster/child:163:12)
    at Worker.<anonymous> (node:internal/cluster/child:113:7)
    at process.onInternalMessage (node:internal/cluster/utils:49:5)
    at process.emit (node:events:536:35)
    at emit (node:internal/child_process:950:14)
    at process.processTicksAndRejections (node:internal/process/task_queues:83:21) {
  errno: -98,
  code: 'EADDRINUSE',
  syscall: 'bind',
  address: null,
  port: 8084
}
Worker 116296 died (code: 1). Restarting...
Error: bind EADDRINUSE null:8084
    at listenOnPrimaryHandle (node:net:1989:18)
    at rr (node:internal/cluster/child:163:12)
    at Worker.<anonymous> (node:internal/cluster/child:113:7)
    at process.onInternalMessage (node:internal/cluster/utils:49:5)
    at process.emit (node:events:536:35)
    at emit (node:internal/child_process:950:14)
    at process.processTicksAndRejections (node:internal/process/task_queues:83:21) {
  errno: -98,
  code: 'EADDRINUSE',
  syscall: 'bind',
  address: null,
  port: 8084
}
Worker 116312 died (code: 1). Restarting...
Error: bind EADDRINUSE null:8084
    at listenOnPrimaryHandle (node:net:1989:18)
    at rr (node:internal/cluster/child:163:12)
    at Worker.<anonymous> (node:internal/cluster/child:113:7)
    at process.onInternalMessage (node:internal/cluster/utils:49:5)
    at process.emit (node:events:536:35)
    at emit (node:internal/child_process:950:14)
    at process.processTicksAndRejections (node:internal/process/task_queues:83:21) {
  errno: -98,
  code: 'EADDRINUSE',
  syscall: 'bind',
  address: null,
  port: 8084
}
Worker 116322 died (code: 1). Restarting...
Error: bind EADDRINUSE null:8084
    at listenOnPrimaryHandle (node:net:1989:18)
    at rr (node:internal/cluster/child:163:12)
    at Worker.<anonymous> (node:internal/cluster/child:113:7)
    at process.onInternalMessage (node:internal/cluster/utils:49:5)
    at process.emit (node:events:536:35)
    at emit (node:internal/child_process:950:14)
    at process.processTicksAndRejections (node:internal/process/task_queues:83:21) {
  errno: -98,
  code: 'EADDRINUSE',
  syscall: 'bind',
  address: null,
  port: 8084
}
Worker 116344 died (code: 1). Restarting...
Error: bind EADDRINUSE null:8084
    at listenOnPrimaryHandle (node:net:1989:18)
    at rr (node:internal/cluster/child:163:12)
    at Worker.<anonymous> (node:internal/cluster/child:113:7)
    at process.onInternalMessage (node:internal/cluster/utils:49:5)
    at process.emit (node:events:536:35)
    at emit (node:internal/child_process:950:14)
    at process.processTicksAndRejections (node:internal/process/task_queues:83:21) {
  errno: -98,
  code: 'EADDRINUSE',
  syscall: 'bind',
  address: null,
  port: 8084
}
Worker 116351 died (code: 1). Restarting...
Error: bind EADDRINUSE null:8084
    at listenOnPrimaryHandle (node:net:1989:18)
    at rr (node:internal/cluster/child:163:12)
    at Worker.<anonymous> (node:internal/cluster/child:113:7)
    at process.onInternalMessage (node:internal/cluster/utils:49:5)
    at process.emit (node:events:536:35)
    at emit (node:internal/child_process:950:14)
    at process.processTicksAndRejections (node:internal/process/task_queues:83:21) {
  errno: -98,
  code: 'EADDRINUSE',
  syscall: 'bind',
  address: null,
  port: 8084
}
Worker 116367 died (code: 1). Restarting...
Error: bind EADDRINUSE null:8084
    at listenOnPrimaryHandle (node:net:1989:18)
    at rr (node:internal/cluster/child:163:12)
    at Worker.<anonymous> (node:internal/cluster/child:113:7)
    at process.onInternalMessage (node:internal/cluster/utils:49:5)
    at process.emit (node:events:536:35)
    at emit (node:internal/child_process:950:14)
    at process.processTicksAndRejections (node:internal/process/task_queues:83:21) {
  errno: -98,
  code: 'EADDRINUSE',
  syscall: 'bind',
  address: null,
  port: 8084
}
Worker 116385 died (code: 1). Restarting...
Error: bind EADDRINUSE null:8084
    at listenOnPrimaryHandle (node:net:1989:18)
    at rr (node:internal/cluster/child:163:12)
    at Worker.<anonymous> (node:internal/cluster/child:113:7)
    at process.onInternalMessage (node:internal/cluster/utils:49:5)
    at process.emit (node:events:536:35)
    at emit (node:internal/child_process:950:14)
    at process.processTicksAndRejections (node:internal/process/task_queues:83:21) {
  errno: -98,
  code: 'EADDRINUSE',
  syscall: 'bind',
  address: null,
  port: 8084
}
Worker 116373 died (code: 1). Restarting...
Error: bind EADDRINUSE null:8084
    at listenOnPrimaryHandle (node:net:1989:18)
    at rr (node:internal/cluster/child:163:12)
    at Worker.<anonymous> (node:internal/cluster/child:113:7)
    at process.onInternalMessage (node:internal/cluster/utils:49:5)
    at process.emit (node:events:536:35)
    at emit (node:internal/child_process:950:14)
    at process.processTicksAndRejections (node:internal/process/task_queues:83:21) {
  errno: -98,
  code: 'EADDRINUSE',
  syscall: 'bind',
  address: null,
  port: 8084
}
Worker 116401 died (code: 1). Restarting...
Error: bind EADDRINUSE null:8084
    at listenOnPrimaryHandle (node:net:1989:18)
    at rr (node:internal/cluster/child:163:12)
    at Worker.<anonymous> (node:internal/cluster/child:113:7)
    at process.onInternalMessage (node:internal/cluster/utils:49:5)
    at process.emit (node:events:536:35)
    at emit (node:internal/child_process:950:14)
    at process.processTicksAndRejections (node:internal/process/task_queues:83:21) {
  errno: -98,
  code: 'EADDRINUSE',
  syscall: 'bind',
  address: null,
  port: 8084
}
Error: bind EADDRINUSE null:8084
    at listenOnPrimaryHandle (node:net:1989:18)
    at rr (node:internal/cluster/child:163:12)
    at Worker.<anonymous> (node:internal/cluster/child:113:7)
    at process.onInternalMessage (node:internal/cluster/utils:49:5)
    at process.emit (node:events:536:35)
    at emit (node:internal/child_process:950:14)
    at process.processTicksAndRejections (node:internal/process/task_queues:83:21) {
  errno: -98,
  code: 'EADDRINUSE',
  syscall: 'bind',
  address: null,
  port: 8084
}
Worker 116427 died (code: 1). Restarting...
Worker 116412 died (code: 1). Restarting...
Error: bind EADDRINUSE null:8084
    at listenOnPrimaryHandle (node:net:1989:18)
    at rr (node:internal/cluster/child:163:12)
    at Worker.<anonymous> (node:internal/cluster/child:113:7)
    at process.onInternalMessage (node:internal/cluster/utils:49:5)
    at process.emit (node:events:536:35)
    at emit (node:internal/child_process:950:14)
    at process.processTicksAndRejections (node:internal/process/task_queues:83:21) {
  errno: -98,
  code: 'EADDRINUSE',
  syscall: 'bind',
  address: null,
  port: 8084
}
Error: bind EADDRINUSE null:8084
    at listenOnPrimaryHandle (node:net:1989:18)
    at rr (node:internal/cluster/child:163:12)
    at Worker.<anonymous> (node:internal/cluster/child:113:7)
    at process.onInternalMessage (node:internal/cluster/utils:49:5)
    at process.emit (node:events:536:35)
    at emit (node:internal/child_process:950:14)
    at process.processTicksAndRejections (node:internal/process/task_queues:83:21) {
  errno: -98,
  code: 'EADDRINUSE',
  syscall: 'bind',
  address: null,
  port: 8084
}
Worker 116444 died (code: 1). Restarting...
Worker 116459 died (code: 1). Restarting...
Error: bind EADDRINUSE null:8084
    at listenOnPrimaryHandle (node:net:1989:18)
    at rr (node:internal/cluster/child:163:12)
    at Worker.<anonymous> (node:internal/cluster/child:113:7)
    at process.onInternalMessage (node:internal/cluster/utils:49:5)
    at process.emit (node:events:536:35)
    at emit (node:internal/child_process:950:14)
    at process.processTicksAndRejections (node:internal/process/task_queues:83:21) {
  errno: -98,
  code: 'EADDRINUSE',
  syscall: 'bind',
  address: null,
  port: 8084
}
Worker 116486 died (code: 1). Restarting...
Error: bind EADDRINUSE null:8084
    at listenOnPrimaryHandle (node:net:1989:18)
    at rr (node:internal/cluster/child:163:12)
    at Worker.<anonymous> (node:internal/cluster/child:113:7)
    at process.onInternalMessage (node:internal/cluster/utils:49:5)
    at process.emit (node:events:536:35)
    at emit (node:internal/child_process:950:14)
    at process.processTicksAndRejections (node:internal/process/task_queues:83:21) {
  errno: -98,
  code: 'EADDRINUSE',
  syscall: 'bind',
  address: null,
  port: 8084
}
Worker 116471 died (code: 1). Restarting...
Error: bind EADDRINUSE null:8084
    at listenOnPrimaryHandle (node:net:1989:18)
    at rr (node:internal/cluster/child:163:12)
    at Worker.<anonymous> (node:internal/cluster/child:113:7)
    at process.onInternalMessage (node:internal/cluster/utils:49:5)
    at process.emit (node:events:536:35)
    at emit (node:internal/child_process:950:14)
    at process.processTicksAndRejections (node:internal/process/task_queues:83:21) {
  errno: -98,
  code: 'EADDRINUSE',
  syscall: 'bind',
  address: null,
  port: 8084
}
Worker 116498 died (code: 1). Restarting...
Error: bind EADDRINUSE null:8084
    at listenOnPrimaryHandle (node:net:1989:18)
    at rr (node:internal/cluster/child:163:12)
    at Worker.<anonymous> (node:internal/cluster/child:113:7)
    at process.onInternalMessage (node:internal/cluster/utils:49:5)
    at process.emit (node:events:536:35)
    at emit (node:internal/child_process:950:14)
    at process.processTicksAndRejections (node:internal/process/task_queues:83:21) {
  errno: -98,
  code: 'EADDRINUSE',
  syscall: 'bind',
  address: null,
  port: 8084
}
Error: bind EADDRINUSE null:8084
    at listenOnPrimaryHandle (node:net:1989:18)
    at rr (node:internal/cluster/child:163:12)
    at Worker.<anonymous> (node:internal/cluster/child:113:7)
    at process.onInternalMessage (node:internal/cluster/utils:49:5)
    at process.emit (node:events:536:35)
    at emit (node:internal/child_process:950:14)
    at process.processTicksAndRejections (node:internal/process/task_queues:83:21) {
  errno: -98,
  code: 'EADDRINUSE',
  syscall: 'bind',
  address: null,
  port: 8084
}
Worker 116509 died (code: 1). Restarting...
Worker 116526 died (code: 1). Restarting...
Error: bind EADDRINUSE null:8084
    at listenOnPrimaryHandle (node:net:1989:18)
    at rr (node:internal/cluster/child:163:12)
    at Worker.<anonymous> (node:internal/cluster/child:113:7)
    at process.onInternalMessage (node:internal/cluster/utils:49:5)
    at process.emit (node:events:536:35)
    at emit (node:internal/child_process:950:14)
    at process.processTicksAndRejections (node:internal/process/task_queues:83:21) {
  errno: -98,
  code: 'EADDRINUSE',
  syscall: 'bind',
  address: null,
  port: 8084
}
Worker 116525 died (code: 1). Restarting...
Error: bind EADDRINUSE null:8084
    at listenOnPrimaryHandle (node:net:1989:18)
    at rr (node:internal/cluster/child:163:12)
    at Worker.<anonymous> (node:internal/cluster/child:113:7)
    at process.onInternalMessage (node:internal/cluster/utils:49:5)
    at process.emit (node:events:536:35)
    at emit (node:internal/child_process:950:14)
    at process.processTicksAndRejections (node:internal/process/task_queues:83:21) {
  errno: -98,
  code: 'EADDRINUSE',
  syscall: 'bind',
  address: null,
  port: 8084
}
Worker 116552 died (code: 1). Restarting...
Error: bind EADDRINUSE null:8084
    at listenOnPrimaryHandle (node:net:1989:18)
    at rr (node:internal/cluster/child:163:12)
    at Worker.<anonymous> (node:internal/cluster/child:113:7)
    at process.onInternalMessage (node:internal/cluster/utils:49:5)
    at process.emit (node:events:536:35)
    at emit (node:internal/child_process:950:14)
    at process.processTicksAndRejections (node:internal/process/task_queues:83:21) {
  errno: -98,
  code: 'EADDRINUSE',
  syscall: 'bind',
  address: null,
  port: 8084
}
Worker 116557 died (code: 1). Restarting...
Error: bind EADDRINUSE null:8084
    at listenOnPrimaryHandle (node:net:1989:18)
    at rr (node:internal/cluster/child:163:12)
    at Worker.<anonymous> (node:internal/cluster/child:113:7)
    at process.onInternalMessage (node:internal/cluster/utils:49:5)
    at process.emit (node:events:536:35)
    at emit (node:internal/child_process:950:14)
    at process.processTicksAndRejections (node:internal/process/task_queues:83:21) {
  errno: -98,
  code: 'EADDRINUSE',
  syscall: 'bind',
  address: null,
  port: 8084
}
Worker 116589 died (code: 1). Restarting...
Error: bind EADDRINUSE null:8084
    at listenOnPrimaryHandle (node:net:1989:18)
    at rr (node:internal/cluster/child:163:12)
    at Worker.<anonymous> (node:internal/cluster/child:113:7)
    at process.onInternalMessage (node:internal/cluster/utils:49:5)
    at process.emit (node:events:536:35)
    at emit (node:internal/child_process:950:14)
    at process.processTicksAndRejections (node:internal/process/task_queues:83:21) {
  errno: -98,
  code: 'EADDRINUSE',
  syscall: 'bind',
  address: null,
  port: 8084
}
Worker 116597 died (code: 1). Restarting...
Error: bind EADDRINUSE null:8084
    at listenOnPrimaryHandle (node:net:1989:18)
    at rr (node:internal/cluster/child:163:12)
    at Worker.<anonymous> (node:internal/cluster/child:113:7)
    at process.onInternalMessage (node:internal/cluster/utils:49:5)
    at process.emit (node:events:536:35)
    at emit (node:internal/child_process:950:14)
    at process.processTicksAndRejections (node:internal/process/task_queues:83:21) {
  errno: -98,
  code: 'EADDRINUSE',
  syscall: 'bind',
  address: null,
  port: 8084
}
Worker 116583 died (code: 1). Restarting...
Error: bind EADDRINUSE null:8084
    at listenOnPrimaryHandle (node:net:1989:18)
    at rr (node:internal/cluster/child:163:12)
    at Worker.<anonymous> (node:internal/cluster/child:113:7)
    at process.onInternalMessage (node:internal/cluster/utils:49:5)
    at process.emit (node:events:536:35)
    at emit (node:internal/child_process:950:14)
    at process.processTicksAndRejections (node:internal/process/task_queues:83:21) {
  errno: -98,
  code: 'EADDRINUSE',
  syscall: 'bind',
  address: null,
  port: 8084
}
Worker 116617 died (code: 1). Restarting...
Error: bind EADDRINUSE null:8084
    at listenOnPrimaryHandle (node:net:1989:18)
    at rr (node:internal/cluster/child:163:12)
    at Worker.<anonymous> (node:internal/cluster/child:113:7)
    at process.onInternalMessage (node:internal/cluster/utils:49:5)
    at process.emit (node:events:536:35)
    at emit (node:internal/child_process:950:14)
    at process.processTicksAndRejections (node:internal/process/task_queues:83:21) {
  errno: -98,
  code: 'EADDRINUSE',
  syscall: 'bind',
  address: null,
  port: 8084
}
Worker 116618 died (code: 1). Restarting...
Error: bind EADDRINUSE null:8084
    at listenOnPrimaryHandle (node:net:1989:18)
    at rr (node:internal/cluster/child:163:12)
    at Worker.<anonymous> (node:internal/cluster/child:113:7)
    at process.onInternalMessage (node:internal/cluster/utils:49:5)
    at process.emit (node:events:536:35)
    at emit (node:internal/child_process:950:14)
    at process.processTicksAndRejections (node:internal/process/task_queues:83:21) {
  errno: -98,
  code: 'EADDRINUSE',
  syscall: 'bind',
  address: null,
  port: 8084
}
Error: bind EADDRINUSE null:8084
    at listenOnPrimaryHandle (node:net:1989:18)
    at rr (node:internal/cluster/child:163:12)
    at Worker.<anonymous> (node:internal/cluster/child:113:7)
    at process.onInternalMessage (node:internal/cluster/utils:49:5)
    at process.emit (node:events:536:35)
    at emit (node:internal/child_process:950:14)
    at process.processTicksAndRejections (node:internal/process/task_queues:83:21) {
  errno: -98,
  code: 'EADDRINUSE',
  syscall: 'bind',
  address: null,
  port: 8084
}
Worker 116665 died (code: 1). Restarting...
Worker 116648 died (code: 1). Restarting...
Error: bind EADDRINUSE null:8084
    at listenOnPrimaryHandle (node:net:1989:18)
    at rr (node:internal/cluster/child:163:12)
    at Worker.<anonymous> (node:internal/cluster/child:113:7)
    at process.onInternalMessage (node:internal/cluster/utils:49:5)
    at process.emit (node:events:536:35)
    at emit (node:internal/child_process:950:14)
    at process.processTicksAndRejections (node:internal/process/task_queues:83:21) {
  errno: -98,
  code: 'EADDRINUSE',
  syscall: 'bind',
  address: null,
  port: 8084
}
Worker 116664 died (code: 1). Restarting...
Error: bind EADDRINUSE null:8084
    at listenOnPrimaryHandle (node:net:1989:18)
    at rr (node:internal/cluster/child:163:12)
    at Worker.<anonymous> (node:internal/cluster/child:113:7)
    at process.onInternalMessage (node:internal/cluster/utils:49:5)
    at process.emit (node:events:536:35)
    at emit (node:internal/child_process:950:14)
    at process.processTicksAndRejections (node:internal/process/task_queues:83:21) {
  errno: -98,
  code: 'EADDRINUSE',
  syscall: 'bind',
  address: null,
  port: 8084
}
Worker 116683 died (code: 1). Restarting...
Error: bind EADDRINUSE null:8084
    at listenOnPrimaryHandle (node:net:1989:18)
    at rr (node:internal/cluster/child:163:12)
    at Worker.<anonymous> (node:internal/cluster/child:113:7)
    at process.onInternalMessage (node:internal/cluster/utils:49:5)
    at process.emit (node:events:536:35)
    at emit (node:internal/child_process:950:14)
    at process.processTicksAndRejections (node:internal/process/task_queues:83:21) {
  errno: -98,
  code: 'EADDRINUSE',
  syscall: 'bind',
  address: null,
  port: 8084
}
Error: bind EADDRINUSE null:8084
    at listenOnPrimaryHandle (node:net:1989:18)
    at rr (node:internal/cluster/child:163:12)
    at Worker.<anonymous> (node:internal/cluster/child:113:7)
    at process.onInternalMessage (node:internal/cluster/utils:49:5)
    at process.emit (node:events:536:35)
    at emit (node:internal/child_process:950:14)
    at process.processTicksAndRejections (node:internal/process/task_queues:83:21) {
  errno: -98,
  code: 'EADDRINUSE',
  syscall: 'bind',
  address: null,
  port: 8084
}
Worker 116700 died (code: 1). Restarting...
Worker 116693 died (code: 1). Restarting...
Error: bind EADDRINUSE null:8084
    at listenOnPrimaryHandle (node:net:1989:18)
    at rr (node:internal/cluster/child:163:12)
    at Worker.<anonymous> (node:internal/cluster/child:113:7)
    at process.onInternalMessage (node:internal/cluster/utils:49:5)
    at process.emit (node:events:536:35)
    at emit (node:internal/child_process:950:14)
    at process.processTicksAndRejections (node:internal/process/task_queues:83:21) {
  errno: -98,
  code: 'EADDRINUSE',
  syscall: 'bind',
  address: null,
  port: 8084
}
Worker 116736 died (code: 1). Restarting...
Error: bind EADDRINUSE null:8084
    at listenOnPrimaryHandle (node:net:1989:18)
    at rr (node:internal/cluster/child:163:12)
    at Worker.<anonymous> (node:internal/cluster/child:113:7)
    at process.onInternalMessage (node:internal/cluster/utils:49:5)
    at process.emit (node:events:536:35)
    at emit (node:internal/child_process:950:14)
    at process.processTicksAndRejections (node:internal/process/task_queues:83:21) {
  errno: -98,
  code: 'EADDRINUSE',
  syscall: 'bind',
  address: null,
  port: 8084
}
Worker 116725 died (code: 1). Restarting...
Error: bind EADDRINUSE null:8084
    at listenOnPrimaryHandle (node:net:1989:18)
    at rr (node:internal/cluster/child:163:12)
    at Worker.<anonymous> (node:internal/cluster/child:113:7)
    at process.onInternalMessage (node:internal/cluster/utils:49:5)
    at process.emit (node:events:536:35)
    at emit (node:internal/child_process:950:14)
    at process.processTicksAndRejections (node:internal/process/task_queues:83:21) {
  errno: -98,
  code: 'EADDRINUSE',
  syscall: 'bind',
  address: null,
  port: 8084
}
Worker 116757 died (code: 1). Restarting...
Error: bind EADDRINUSE null:8084
    at listenOnPrimaryHandle (node:net:1989:18)
    at rr (node:internal/cluster/child:163:12)
    at Worker.<anonymous> (node:internal/cluster/child:113:7)
    at process.onInternalMessage (node:internal/cluster/utils:49:5)
    at process.emit (node:events:536:35)
    at emit (node:internal/child_process:950:14)
    at process.processTicksAndRejections (node:internal/process/task_queues:83:21) {
  errno: -98,
  code: 'EADDRINUSE',
  syscall: 'bind',
  address: null,
  port: 8084
}
Worker 116756 died (code: 1). Restarting...
Error: bind EADDRINUSE null:8084
    at listenOnPrimaryHandle (node:net:1989:18)
    at rr (node:internal/cluster/child:163:12)
    at Worker.<anonymous> (node:internal/cluster/child:113:7)
    at process.onInternalMessage (node:internal/cluster/utils:49:5)
    at process.emit (node:events:536:35)
    at emit (node:internal/child_process:950:14)
    at process.processTicksAndRejections (node:internal/process/task_queues:83:21) {
  errno: -98,
  code: 'EADDRINUSE',
  syscall: 'bind',
  address: null,
  port: 8084
}
Worker 116789 died (code: 1). Restarting...
Error: bind EADDRINUSE null:8084
    at listenOnPrimaryHandle (node:net:1989:18)
    at rr (node:internal/cluster/child:163:12)
    at Worker.<anonymous> (node:internal/cluster/child:113:7)
    at process.onInternalMessage (node:internal/cluster/utils:49:5)
    at process.emit (node:events:536:35)
    at emit (node:internal/child_process:950:14)
    at process.processTicksAndRejections (node:internal/process/task_queues:83:21) {
  errno: -98,
  code: 'EADDRINUSE',
  syscall: 'bind',
  address: null,
  port: 8084
}
Error: bind EADDRINUSE null:8084
    at listenOnPrimaryHandle (node:net:1989:18)
    at rr (node:internal/cluster/child:163:12)
    at Worker.<anonymous> (node:internal/cluster/child:113:7)
    at process.onInternalMessage (node:internal/cluster/utils:49:5)
    at process.emit (node:events:536:35)
    at emit (node:internal/child_process:950:14)
    at process.processTicksAndRejections (node:internal/process/task_queues:83:21) {
  errno: -98,
  code: 'EADDRINUSE',
  syscall: 'bind',
  address: null,
  port: 8084
}
Worker 116797 died (code: 1). Restarting...
Worker 116783 died (code: 1). Restarting...
Error: bind EADDRINUSE null:8084
    at listenOnPrimaryHandle (node:net:1989:18)
    at rr (node:internal/cluster/child:163:12)
    at Worker.<anonymous> (node:internal/cluster/child:113:7)
    at process.onInternalMessage (node:internal/cluster/utils:49:5)
    at process.emit (node:events:536:35)
    at emit (node:internal/child_process:950:14)
    at process.processTicksAndRejections (node:internal/process/task_queues:83:21) {
  errno: -98,
  code: 'EADDRINUSE',
  syscall: 'bind',
  address: null,
  port: 8084
}
Worker 116798 died (code: 1). Restarting...
Error: bind EADDRINUSE null:8084
    at listenOnPrimaryHandle (node:net:1989:18)
    at rr (node:internal/cluster/child:163:12)
    at Worker.<anonymous> (node:internal/cluster/child:113:7)
    at process.onInternalMessage (node:internal/cluster/utils:49:5)
    at process.emit (node:events:536:35)
    at emit (node:internal/child_process:950:14)
    at process.processTicksAndRejections (node:internal/process/task_queues:83:21) {
  errno: -98,
  code: 'EADDRINUSE',
  syscall: 'bind',
  address: null,
  port: 8084
}
Worker 116824 died (code: 1). Restarting...
Error: bind EADDRINUSE null:8084
    at listenOnPrimaryHandle (node:net:1989:18)
    at rr (node:internal/cluster/child:163:12)
    at Worker.<anonymous> (node:internal/cluster/child:113:7)
    at process.onInternalMessage (node:internal/cluster/utils:49:5)
    at process.emit (node:events:536:35)
    at emit (node:internal/child_process:950:14)
    at process.processTicksAndRejections (node:internal/process/task_queues:83:21) {
  errno: -98,
  code: 'EADDRINUSE',
  syscall: 'bind',
  address: null,
  port: 8084
}
Worker 116835 died (code: 1). Restarting...
Error: bind EADDRINUSE null:8084
    at listenOnPrimaryHandle (node:net:1989:18)
    at rr (node:internal/cluster/child:163:12)
    at Worker.<anonymous> (node:internal/cluster/child:113:7)
    at process.onInternalMessage (node:internal/cluster/utils:49:5)
    at process.emit (node:events:536:35)
    at emit (node:internal/child_process:950:14)
    at process.processTicksAndRejections (node:internal/process/task_queues:83:21) {
  errno: -98,
  code: 'EADDRINUSE',
  syscall: 'bind',
  address: null,
  port: 8084
}
Worker 116884 died (code: 1). Restarting...
Error: bind EADDRINUSE null:8084
    at listenOnPrimaryHandle (node:net:1989:18)
    at rr (node:internal/cluster/child:163:12)
    at Worker.<anonymous> (node:internal/cluster/child:113:7)
    at process.onInternalMessage (node:internal/cluster/utils:49:5)
    at process.emit (node:events:536:35)
    at emit (node:internal/child_process:950:14)
    at process.processTicksAndRejections (node:internal/process/task_queues:83:21) {
  errno: -98,
  code: 'EADDRINUSE',
  syscall: 'bind',
  address: null,
  port: 8084
}
Error: bind EADDRINUSE null:8084
    at listenOnPrimaryHandle (node:net:1989:18)
    at rr (node:internal/cluster/child:163:12)
    at Worker.<anonymous> (node:internal/cluster/child:113:7)
    at process.onInternalMessage (node:internal/cluster/utils:49:5)
    at process.emit (node:events:536:35)
    at emit (node:internal/child_process:950:14)
    at process.processTicksAndRejections (node:internal/process/task_queues:83:21) {
  errno: -98,
  code: 'EADDRINUSE',
  syscall: 'bind',
  address: null,
  port: 8084
}
Worker 116893 died (code: 1). Restarting...
Worker 116864 died (code: 1). Restarting...
Error: bind EADDRINUSE null:8084
    at listenOnPrimaryHandle (node:net:1989:18)
    at rr (node:internal/cluster/child:163:12)
    at Worker.<anonymous> (node:internal/cluster/child:113:7)
    at process.onInternalMessage (node:internal/cluster/utils:49:5)
    at process.emit (node:events:536:35)
    at emit (node:internal/child_process:950:14)
    at process.processTicksAndRejections (node:internal/process/task_queues:83:21) {
  errno: -98,
  code: 'EADDRINUSE',
  syscall: 'bind',
  address: null,
  port: 8084
}
Error: bind EADDRINUSE null:8084
    at listenOnPrimaryHandle (node:net:1989:18)
    at rr (node:internal/cluster/child:163:12)
    at Worker.<anonymous> (node:internal/cluster/child:113:7)
    at process.onInternalMessage (node:internal/cluster/utils:49:5)
    at process.emit (node:events:536:35)
    at emit (node:internal/child_process:950:14)
    at process.processTicksAndRejections (node:internal/process/task_queues:83:21) {
  errno: -98,
  code: 'EADDRINUSE',
  syscall: 'bind',
  address: null,
  port: 8084
}
Worker 116911 died (code: 1). Restarting...
Worker 116874 died (code: 1). Restarting...
Error: bind EADDRINUSE null:8084
    at listenOnPrimaryHandle (node:net:1989:18)
    at rr (node:internal/cluster/child:163:12)
    at Worker.<anonymous> (node:internal/cluster/child:113:7)
    at process.onInternalMessage (node:internal/cluster/utils:49:5)
    at process.emit (node:events:536:35)
    at emit (node:internal/child_process:950:14)
    at process.processTicksAndRejections (node:internal/process/task_queues:83:21) {
  errno: -98,
  code: 'EADDRINUSE',
  syscall: 'bind',
  address: null,
  port: 8084
}
Worker 116895 died (code: 1). Restarting...
Error: bind EADDRINUSE null:8084
    at listenOnPrimaryHandle (node:net:1989:18)
    at rr (node:internal/cluster/child:163:12)
    at Worker.<anonymous> (node:internal/cluster/child:113:7)
    at process.onInternalMessage (node:internal/cluster/utils:49:5)
    at process.emit (node:events:536:35)
    at emit (node:internal/child_process:950:14)
    at process.processTicksAndRejections (node:internal/process/task_queues:83:21) {
  errno: -98,
  code: 'EADDRINUSE',
  syscall: 'bind',
  address: null,
  port: 8084
}
Worker 116932 died (code: 1). Restarting...
Error: bind EADDRINUSE null:8084
    at listenOnPrimaryHandle (node:net:1989:18)
    at rr (node:internal/cluster/child:163:12)
    at Worker.<anonymous> (node:internal/cluster/child:113:7)
    at process.onInternalMessage (node:internal/cluster/utils:49:5)
    at process.emit (node:events:536:35)
    at emit (node:internal/child_process:950:14)
    at process.processTicksAndRejections (node:internal/process/task_queues:83:21) {
  errno: -98,
  code: 'EADDRINUSE',
  syscall: 'bind',
  address: null,
  port: 8084
}
Worker 116938 died (code: 1). Restarting...
Error: bind EADDRINUSE null:8084
    at listenOnPrimaryHandle (node:net:1989:18)
    at rr (node:internal/cluster/child:163:12)
    at Worker.<anonymous> (node:internal/cluster/child:113:7)
    at process.onInternalMessage (node:internal/cluster/utils:49:5)
    at process.emit (node:events:536:35)
    at emit (node:internal/child_process:950:14)
    at process.processTicksAndRejections (node:internal/process/task_queues:83:21) {
  errno: -98,
  code: 'EADDRINUSE',
  syscall: 'bind',
  address: null,
  port: 8084
}
Error: bind EADDRINUSE null:8084
    at listenOnPrimaryHandle (node:net:1989:18)
    at rr (node:internal/cluster/child:163:12)
    at Worker.<anonymous> (node:internal/cluster/child:113:7)
    at process.onInternalMessage (node:internal/cluster/utils:49:5)
    at process.emit (node:events:536:35)
    at emit (node:internal/child_process:950:14)
    at process.processTicksAndRejections (node:internal/process/task_queues:83:21) {
  errno: -98,
  code: 'EADDRINUSE',
  syscall: 'bind',
  address: null,
  port: 8084
}
Error: bind EADDRINUSE null:8084
    at listenOnPrimaryHandle (node:net:1989:18)
    at rr (node:internal/cluster/child:163:12)
    at Worker.<anonymous> (node:internal/cluster/child:113:7)
    at process.onInternalMessage (node:internal/cluster/utils:49:5)
    at process.emit (node:events:536:35)
    at emit (node:internal/child_process:950:14)
    at process.processTicksAndRejections (node:internal/process/task_queues:83:21) {
  errno: -98,
  code: 'EADDRINUSE',
  syscall: 'bind',
  address: null,
  port: 8084
}
Worker 116987 died (code: 1). Restarting...
Error: bind EADDRINUSE null:8084
    at listenOnPrimaryHandle (node:net:1989:18)
    at rr (node:internal/cluster/child:163:12)
    at Worker.<anonymous> (node:internal/cluster/child:113:7)
    at process.onInternalMessage (node:internal/cluster/utils:49:5)
    at process.emit (node:events:536:35)
    at emit (node:internal/child_process:950:14)
    at process.processTicksAndRejections (node:internal/process/task_queues:83:21) {
  errno: -98,
  code: 'EADDRINUSE',
  syscall: 'bind',
  address: null,
  port: 8084
}
Worker 117001 died (code: 1). Restarting...
Worker 116995 died (code: 1). Restarting...
Worker 116988 died (code: 1). Restarting...
Error: bind EADDRINUSE null:8084
    at listenOnPrimaryHandle (node:net:1989:18)
    at rr (node:internal/cluster/child:163:12)
    at Worker.<anonymous> (node:internal/cluster/child:113:7)
    at process.onInternalMessage (node:internal/cluster/utils:49:5)
    at process.emit (node:events:536:35)
    at emit (node:internal/child_process:950:14)
    at process.processTicksAndRejections (node:internal/process/task_queues:83:21) {
  errno: -98,
  code: 'EADDRINUSE',
  syscall: 'bind',
  address: null,
  port: 8084
}
Worker 116981 died (code: 1). Restarting...
Error: bind EADDRINUSE null:8084
    at listenOnPrimaryHandle (node:net:1989:18)
    at rr (node:internal/cluster/child:163:12)
    at Worker.<anonymous> (node:internal/cluster/child:113:7)
    at process.onInternalMessage (node:internal/cluster/utils:49:5)
    at process.emit (node:events:536:35)
    at emit (node:internal/child_process:950:14)
    at process.processTicksAndRejections (node:internal/process/task_queues:83:21) {
  errno: -98,
  code: 'EADDRINUSE',
  syscall: 'bind',
  address: null,
  port: 8084
}
Worker 117017 died (code: 1). Restarting...
Error: bind EADDRINUSE null:8084
    at listenOnPrimaryHandle (node:net:1989:18)
    at rr (node:internal/cluster/child:163:12)
    at Worker.<anonymous> (node:internal/cluster/child:113:7)
    at process.onInternalMessage (node:internal/cluster/utils:49:5)
    at process.emit (node:events:536:35)
    at emit (node:internal/child_process:950:14)
    at process.processTicksAndRejections (node:internal/process/task_queues:83:21) {
  errno: -98,
  code: 'EADDRINUSE',
  syscall: 'bind',
  address: null,
  port: 8084
}
Error: bind EADDRINUSE null:8084
    at listenOnPrimaryHandle (node:net:1989:18)
    at rr (node:internal/cluster/child:163:12)
    at Worker.<anonymous> (node:internal/cluster/child:113:7)
    at process.onInternalMessage (node:internal/cluster/utils:49:5)
    at process.emit (node:events:536:35)
    at emit (node:internal/child_process:950:14)
    at process.processTicksAndRejections (node:internal/process/task_queues:83:21) {
  errno: -98,
  code: 'EADDRINUSE',
  syscall: 'bind',
  address: null,
  port: 8084
}
Worker 117028 died (code: 1). Restarting...
Worker 117048 died (code: 1). Restarting...
Error: bind EADDRINUSE null:8084
    at listenOnPrimaryHandle (node:net:1989:18)
    at rr (node:internal/cluster/child:163:12)
    at Worker.<anonymous> (node:internal/cluster/child:113:7)
    at process.onInternalMessage (node:internal/cluster/utils:49:5)
    at process.emit (node:events:536:35)
    at emit (node:internal/child_process:950:14)
    at process.processTicksAndRejections (node:internal/process/task_queues:83:21) {
  errno: -98,
  code: 'EADDRINUSE',
  syscall: 'bind',
  address: null,
  port: 8084
}
Error: bind EADDRINUSE null:8084
    at listenOnPrimaryHandle (node:net:1989:18)
    at rr (node:internal/cluster/child:163:12)
    at Worker.<anonymous> (node:internal/cluster/child:113:7)
    at process.onInternalMessage (node:internal/cluster/utils:49:5)
    at process.emit (node:events:536:35)
    at emit (node:internal/child_process:950:14)
    at process.processTicksAndRejections (node:internal/process/task_queues:83:21) {
  errno: -98,
  code: 'EADDRINUSE',
  syscall: 'bind',
  address: null,
  port: 8084
}
Error: bind EADDRINUSE null:8084
    at listenOnPrimaryHandle (node:net:1989:18)
    at rr (node:internal/cluster/child:163:12)
    at Worker.<anonymous> (node:internal/cluster/child:113:7)
    at process.onInternalMessage (node:internal/cluster/utils:49:5)
    at process.emit (node:events:536:35)
    at emit (node:internal/child_process:950:14)
    at process.processTicksAndRejections (node:internal/process/task_queues:83:21) {
  errno: -98,
  code: 'EADDRINUSE',
  syscall: 'bind',
  address: null,
  port: 8084
}
Worker 117080 died (code: 1). Restarting...
Error: bind EADDRINUSE null:8084
    at listenOnPrimaryHandle (node:net:1989:18)
    at rr (node:internal/cluster/child:163:12)
    at Worker.<anonymous> (node:internal/cluster/child:113:7)
    at process.onInternalMessage (node:internal/cluster/utils:49:5)
    at process.emit (node:events:536:35)
    at emit (node:internal/child_process:950:14)
    at process.processTicksAndRejections (node:internal/process/task_queues:83:21) {
  errno: -98,
  code: 'EADDRINUSE',
  syscall: 'bind',
  address: null,
  port: 8084
}
Worker 117098 died (code: 1). Restarting...
Worker 117109 died (code: 1). Restarting...
Error: bind EADDRINUSE null:8084
    at listenOnPrimaryHandle (node:net:1989:18)
    at rr (node:internal/cluster/child:163:12)
    at Worker.<anonymous> (node:internal/cluster/child:113:7)
    at process.onInternalMessage (node:internal/cluster/utils:49:5)
    at process.emit (node:events:536:35)
    at emit (node:internal/child_process:950:14)
    at process.processTicksAndRejections (node:internal/process/task_queues:83:21) {
  errno: -98,
  code: 'EADDRINUSE',
  syscall: 'bind',
  address: null,
  port: 8084
}
Worker 117087 died (code: 1). Restarting...
Error: bind EADDRINUSE null:8084
    at listenOnPrimaryHandle (node:net:1989:18)
    at rr (node:internal/cluster/child:163:12)
    at Worker.<anonymous> (node:internal/cluster/child:113:7)
    at process.onInternalMessage (node:internal/cluster/utils:49:5)
    at process.emit (node:events:536:35)
    at emit (node:internal/child_process:950:14)
    at process.processTicksAndRejections (node:internal/process/task_queues:83:21) {
  errno: -98,
  code: 'EADDRINUSE',
  syscall: 'bind',
  address: null,
  port: 8084
}
Worker 117088 died (code: 1). Restarting...
Worker 117122 died (code: 1). Restarting...
Error: bind EADDRINUSE null:8084
    at listenOnPrimaryHandle (node:net:1989:18)
    at rr (node:internal/cluster/child:163:12)
    at Worker.<anonymous> (node:internal/cluster/child:113:7)
    at process.onInternalMessage (node:internal/cluster/utils:49:5)
    at process.emit (node:events:536:35)
    at emit (node:internal/child_process:950:14)
    at process.processTicksAndRejections (node:internal/process/task_queues:83:21) {
  errno: -98,
  code: 'EADDRINUSE',
  syscall: 'bind',
  address: null,
  port: 8084
}
Worker 117145 died (code: 1). Restarting...
Error: bind EADDRINUSE null:8084
    at listenOnPrimaryHandle (node:net:1989:18)
    at rr (node:internal/cluster/child:163:12)
    at Worker.<anonymous> (node:internal/cluster/child:113:7)
    at process.onInternalMessage (node:internal/cluster/utils:49:5)
    at process.emit (node:events:536:35)
    at emit (node:internal/child_process:950:14)
    at process.processTicksAndRejections (node:internal/process/task_queues:83:21) {
  errno: -98,
  code: 'EADDRINUSE',
  syscall: 'bind',
  address: null,
  port: 8084
}
Worker 117146 died (code: 1). Restarting...
Error: bind EADDRINUSE null:8084
    at listenOnPrimaryHandle (node:net:1989:18)
    at rr (node:internal/cluster/child:163:12)
    at Worker.<anonymous> (node:internal/cluster/child:113:7)
    at process.onInternalMessage (node:internal/cluster/utils:49:5)
    at process.emit (node:events:536:35)
    at emit (node:internal/child_process:950:14)
    at process.processTicksAndRejections (node:internal/process/task_queues:83:21) {
  errno: -98,
  code: 'EADDRINUSE',
  syscall: 'bind',
  address: null,
  port: 8084
}
Worker 117195 died (code: 1). Restarting...
Error: bind EADDRINUSE null:8084
    at listenOnPrimaryHandle (node:net:1989:18)
    at rr (node:internal/cluster/child:163:12)
    at Worker.<anonymous> (node:internal/cluster/child:113:7)
    at process.onInternalMessage (node:internal/cluster/utils:49:5)
    at process.emit (node:events:536:35)
    at emit (node:internal/child_process:950:14)
    at process.processTicksAndRejections (node:internal/process/task_queues:83:21) {
  errno: -98,
  code: 'EADDRINUSE',
  syscall: 'bind',
  address: null,
  port: 8084
}
Error: bind EADDRINUSE null:8084
    at listenOnPrimaryHandle (node:net:1989:18)
    at rr (node:internal/cluster/child:163:12)
    at Worker.<anonymous> (node:internal/cluster/child:113:7)
    at process.onInternalMessage (node:internal/cluster/utils:49:5)
    at process.emit (node:events:536:35)
    at emit (node:internal/child_process:950:14)
    at process.processTicksAndRejections (node:internal/process/task_queues:83:21) {
  errno: -98,
  code: 'EADDRINUSE',
  syscall: 'bind',
  address: null,
  port: 8084
}
Worker 117194 died (code: 1). Restarting...
Worker 117217 died (code: 1). Restarting...
Error: bind EADDRINUSE null:8084
    at listenOnPrimaryHandle (node:net:1989:18)
    at rr (node:internal/cluster/child:163:12)
    at Worker.<anonymous> (node:internal/cluster/child:113:7)
    at process.onInternalMessage (node:internal/cluster/utils:49:5)
    at process.emit (node:events:536:35)
    at emit (node:internal/child_process:950:14)
    at process.processTicksAndRejections (node:internal/process/task_queues:83:21) {
  errno: -98,
  code: 'EADDRINUSE',
  syscall: 'bind',
  address: null,
  port: 8084
}
Error: bind EADDRINUSE null:8084
    at listenOnPrimaryHandle (node:net:1989:18)
    at rr (node:internal/cluster/child:163:12)
    at Worker.<anonymous> (node:internal/cluster/child:113:7)
    at process.onInternalMessage (node:internal/cluster/utils:49:5)
    at process.emit (node:events:536:35)
    at emit (node:internal/child_process:950:14)
    at process.processTicksAndRejections (node:internal/process/task_queues:83:21) {
  errno: -98,
  code: 'EADDRINUSE',
  syscall: 'bind',
  address: null,
  port: 8084
}
Worker 117218 died (code: 1). Restarting...
Error: bind EADDRINUSE null:8084
    at listenOnPrimaryHandle (node:net:1989:18)
    at rr (node:internal/cluster/child:163:12)
    at Worker.<anonymous> (node:internal/cluster/child:113:7)
    at process.onInternalMessage (node:internal/cluster/utils:49:5)
    at process.emit (node:events:536:35)
    at emit (node:internal/child_process:950:14)
    at process.processTicksAndRejections (node:internal/process/task_queues:83:21) {
  errno: -98,
  code: 'EADDRINUSE',
  syscall: 'bind',
  address: null,
  port: 8084
}
Worker 117196 died (code: 1). Restarting...
Worker 117193 died (code: 1). Restarting...
Error: bind EADDRINUSE null:8084
    at listenOnPrimaryHandle (node:net:1989:18)
    at rr (node:internal/cluster/child:163:12)
    at Worker.<anonymous> (node:internal/cluster/child:113:7)
    at process.onInternalMessage (node:internal/cluster/utils:49:5)
    at process.emit (node:events:536:35)
    at emit (node:internal/child_process:950:14)
    at process.processTicksAndRejections (node:internal/process/task_queues:83:21) {
  errno: -98,
  code: 'EADDRINUSE',
  syscall: 'bind',
  address: null,
  port: 8084
}
Worker 117240 died (code: 1). Restarting...
Error: bind EADDRINUSE null:8084
    at listenOnPrimaryHandle (node:net:1989:18)
    at rr (node:internal/cluster/child:163:12)
    at Worker.<anonymous> (node:internal/cluster/child:113:7)
    at process.onInternalMessage (node:internal/cluster/utils:49:5)
    at process.emit (node:events:536:35)
    at emit (node:internal/child_process:950:14)
    at process.processTicksAndRejections (node:internal/process/task_queues:83:21) {
  errno: -98,
  code: 'EADDRINUSE',
  syscall: 'bind',
  address: null,
  port: 8084
}
Worker 117247 died (code: 1). Restarting...
Error: bind EADDRINUSE null:8084
    at listenOnPrimaryHandle (node:net:1989:18)
    at rr (node:internal/cluster/child:163:12)
    at Worker.<anonymous> (node:internal/cluster/child:113:7)
    at process.onInternalMessage (node:internal/cluster/utils:49:5)
    at process.emit (node:events:536:35)
    at emit (node:internal/child_process:950:14)
    at process.processTicksAndRejections (node:internal/process/task_queues:83:21) {
  errno: -98,
  code: 'EADDRINUSE',
  syscall: 'bind',
  address: null,
  port: 8084
}
Worker 117292 died (code: 1). Restarting...
Error: bind EADDRINUSE null:8084
    at listenOnPrimaryHandle (node:net:1989:18)
    at rr (node:internal/cluster/child:163:12)
    at Worker.<anonymous> (node:internal/cluster/child:113:7)
    at process.onInternalMessage (node:internal/cluster/utils:49:5)
    at process.emit (node:events:536:35)
    at emit (node:internal/child_process:950:14)
    at process.processTicksAndRejections (node:internal/process/task_queues:83:21) {
  errno: -98,
  code: 'EADDRINUSE',
  syscall: 'bind',
  address: null,
  port: 8084
}
Worker 117298 died (code: 1). Restarting...
Error: bind EADDRINUSE null:8084
    at listenOnPrimaryHandle (node:net:1989:18)
    at rr (node:internal/cluster/child:163:12)
    at Worker.<anonymous> (node:internal/cluster/child:113:7)
    at process.onInternalMessage (node:internal/cluster/utils:49:5)
    at process.emit (node:events:536:35)
    at emit (node:internal/child_process:950:14)
    at process.processTicksAndRejections (node:internal/process/task_queues:83:21) {
  errno: -98,
  code: 'EADDRINUSE',
  syscall: 'bind',
  address: null,
  port: 8084
}
Worker 117325 died (code: 1). Restarting...
Error: bind EADDRINUSE null:8084
    at listenOnPrimaryHandle (node:net:1989:18)
    at rr (node:internal/cluster/child:163:12)
    at Worker.<anonymous> (node:internal/cluster/child:113:7)
    at process.onInternalMessage (node:internal/cluster/utils:49:5)
    at process.emit (node:events:536:35)
    at emit (node:internal/child_process:950:14)
    at process.processTicksAndRejections (node:internal/process/task_queues:83:21) {
  errno: -98,
  code: 'EADDRINUSE',
  syscall: 'bind',
  address: null,
  port: 8084
}
Error: bind EADDRINUSE null:8084
    at listenOnPrimaryHandle (node:net:1989:18)
    at rr (node:internal/cluster/child:163:12)
    at Worker.<anonymous> (node:internal/cluster/child:113:7)
    at process.onInternalMessage (node:internal/cluster/utils:49:5)
    at process.emit (node:events:536:35)
    at emit (node:internal/child_process:950:14)
    at process.processTicksAndRejections (node:internal/process/task_queues:83:21) {
  errno: -98,
  code: 'EADDRINUSE',
  syscall: 'bind',
  address: null,
  port: 8084
}
Worker 117308 died (code: 1). Restarting...
Worker 117323 died (code: 1). Restarting...
Error: bind EADDRINUSE null:8084
    at listenOnPrimaryHandle (node:net:1989:18)
    at rr (node:internal/cluster/child:163:12)
    at Worker.<anonymous> (node:internal/cluster/child:113:7)
    at process.onInternalMessage (node:internal/cluster/utils:49:5)
    at process.emit (node:events:536:35)
    at emit (node:internal/child_process:950:14)
    at process.processTicksAndRejections (node:internal/process/task_queues:83:21) {
  errno: -98,
  code: 'EADDRINUSE',
  syscall: 'bind',
  address: null,
  port: 8084
}
Worker 117319 died (code: 1). Restarting...
Error: bind EADDRINUSE null:8084
    at listenOnPrimaryHandle (node:net:1989:18)
    at rr (node:internal/cluster/child:163:12)
    at Worker.<anonymous> (node:internal/cluster/child:113:7)
    at process.onInternalMessage (node:internal/cluster/utils:49:5)
    at process.emit (node:events:536:35)
    at emit (node:internal/child_process:950:14)
    at process.processTicksAndRejections (node:internal/process/task_queues:83:21) {
  errno: -98,
  code: 'EADDRINUSE',
  syscall: 'bind',
  address: null,
  port: 8084
}
Worker 117355 died (code: 1). Restarting...
Error: bind EADDRINUSE null:8084
    at listenOnPrimaryHandle (node:net:1989:18)
    at rr (node:internal/cluster/child:163:12)
    at Worker.<anonymous> (node:internal/cluster/child:113:7)
    at process.onInternalMessage (node:internal/cluster/utils:49:5)
    at process.emit (node:events:536:35)
    at emit (node:internal/child_process:950:14)
    at process.processTicksAndRejections (node:internal/process/task_queues:83:21) {
  errno: -98,
  code: 'EADDRINUSE',
  syscall: 'bind',
  address: null,
  port: 8084
}
Worker 117363 died (code: 1). Restarting...
Error: bind EADDRINUSE null:8084
    at listenOnPrimaryHandle (node:net:1989:18)
    at rr (node:internal/cluster/child:163:12)
    at Worker.<anonymous> (node:internal/cluster/child:113:7)
    at process.onInternalMessage (node:internal/cluster/utils:49:5)
    at process.emit (node:events:536:35)
    at emit (node:internal/child_process:950:14)
    at process.processTicksAndRejections (node:internal/process/task_queues:83:21) {
  errno: -98,
  code: 'EADDRINUSE',
  syscall: 'bind',
  address: null,
  port: 8084
}
Worker 117395 died (code: 1). Restarting...
Error: bind EADDRINUSE null:8084
    at listenOnPrimaryHandle (node:net:1989:18)
    at rr (node:internal/cluster/child:163:12)
    at Worker.<anonymous> (node:internal/cluster/child:113:7)
    at process.onInternalMessage (node:internal/cluster/utils:49:5)
    at process.emit (node:events:536:35)
    at emit (node:internal/child_process:950:14)
    at process.processTicksAndRejections (node:internal/process/task_queues:83:21) {
  errno: -98,
  code: 'EADDRINUSE',
  syscall: 'bind',
  address: null,
  port: 8084
}
Worker 117405 died (code: 1). Restarting...
Error: bind EADDRINUSE null:8084
    at listenOnPrimaryHandle (node:net:1989:18)
    at rr (node:internal/cluster/child:163:12)
    at Worker.<anonymous> (node:internal/cluster/child:113:7)
    at process.onInternalMessage (node:internal/cluster/utils:49:5)
    at process.emit (node:events:536:35)
    at emit (node:internal/child_process:950:14)
    at process.processTicksAndRejections (node:internal/process/task_queues:83:21) {
  errno: -98,
  code: 'EADDRINUSE',
  syscall: 'bind',
  address: null,
  port: 8084
}
Worker 117418 died (code: 1). Restarting...
Error: bind EADDRINUSE null:8084
    at listenOnPrimaryHandle (node:net:1989:18)
    at rr (node:internal/cluster/child:163:12)
    at Worker.<anonymous> (node:internal/cluster/child:113:7)
    at process.onInternalMessage (node:internal/cluster/utils:49:5)
    at process.emit (node:events:536:35)
    at emit (node:internal/child_process:950:14)
    at process.processTicksAndRejections (node:internal/process/task_queues:83:21) {
  errno: -98,
  code: 'EADDRINUSE',
  syscall: 'bind',
  address: null,
  port: 8084
}
Worker 117424 died (code: 1). Restarting...
Error: bind EADDRINUSE null:8084
    at listenOnPrimaryHandle (node:net:1989:18)
    at rr (node:internal/cluster/child:163:12)
    at Worker.<anonymous> (node:internal/cluster/child:113:7)
    at process.onInternalMessage (node:internal/cluster/utils:49:5)
    at process.emit (node:events:536:35)
    at emit (node:internal/child_process:950:14)
    at process.processTicksAndRejections (node:internal/process/task_queues:83:21) {
  errno: -98,
  code: 'EADDRINUSE',
  syscall: 'bind',
  address: null,
  port: 8084
}
Worker 117443 died (code: 1). Restarting...
Error: bind EADDRINUSE null:8084
    at listenOnPrimaryHandle (node:net:1989:18)
    at rr (node:internal/cluster/child:163:12)
    at Worker.<anonymous> (node:internal/cluster/child:113:7)
    at process.onInternalMessage (node:internal/cluster/utils:49:5)
    at process.emit (node:events:536:35)
    at emit (node:internal/child_process:950:14)
    at process.processTicksAndRejections (node:internal/process/task_queues:83:21) {
  errno: -98,
  code: 'EADDRINUSE',
  syscall: 'bind',
  address: null,
  port: 8084
}
Error: bind EADDRINUSE null:8084
    at listenOnPrimaryHandle (node:net:1989:18)
    at rr (node:internal/cluster/child:163:12)
    at Worker.<anonymous> (node:internal/cluster/child:113:7)
    at process.onInternalMessage (node:internal/cluster/utils:49:5)
    at process.emit (node:events:536:35)
    at emit (node:internal/child_process:950:14)
    at process.processTicksAndRejections (node:internal/process/task_queues:83:21) {
  errno: -98,
  code: 'EADDRINUSE',
  syscall: 'bind',
  address: null,
  port: 8084
}
Worker 117444 died (code: 1). Restarting...
Worker 117425 died (code: 1). Restarting...
Error: bind EADDRINUSE null:8084
    at listenOnPrimaryHandle (node:net:1989:18)
    at rr (node:internal/cluster/child:163:12)
    at Worker.<anonymous> (node:internal/cluster/child:113:7)
    at process.onInternalMessage (node:internal/cluster/utils:49:5)
    at process.emit (node:events:536:35)
    at emit (node:internal/child_process:950:14)
    at process.processTicksAndRejections (node:internal/process/task_queues:83:21) {
  errno: -98,
  code: 'EADDRINUSE',
  syscall: 'bind',
  address: null,
  port: 8084
}
Worker 117466 died (code: 1). Restarting...
Error: bind EADDRINUSE null:8084
    at listenOnPrimaryHandle (node:net:1989:18)
    at rr (node:internal/cluster/child:163:12)
    at Worker.<anonymous> (node:internal/cluster/child:113:7)
    at process.onInternalMessage (node:internal/cluster/utils:49:5)
    at process.emit (node:events:536:35)
    at emit (node:internal/child_process:950:14)
    at process.processTicksAndRejections (node:internal/process/task_queues:83:21) {
  errno: -98,
  code: 'EADDRINUSE',
  syscall: 'bind',
  address: null,
  port: 8084
}
Worker 117494 died (code: 1). Restarting...
Error: bind EADDRINUSE null:8084
    at listenOnPrimaryHandle (node:net:1989:18)
    at rr (node:internal/cluster/child:163:12)
    at Worker.<anonymous> (node:internal/cluster/child:113:7)
    at process.onInternalMessage (node:internal/cluster/utils:49:5)
    at process.emit (node:events:536:35)
    at emit (node:internal/child_process:950:14)
    at process.processTicksAndRejections (node:internal/process/task_queues:83:21) {
  errno: -98,
  code: 'EADDRINUSE',
  syscall: 'bind',
  address: null,
  port: 8084
}
Worker 117510 died (code: 1). Restarting...
Error: bind EADDRINUSE null:8084
    at listenOnPrimaryHandle (node:net:1989:18)
    at rr (node:internal/cluster/child:163:12)
    at Worker.<anonymous> (node:internal/cluster/child:113:7)
    at process.onInternalMessage (node:internal/cluster/utils:49:5)
    at process.emit (node:events:536:35)
    at emit (node:internal/child_process:950:14)
    at process.processTicksAndRejections (node:internal/process/task_queues:83:21) {
  errno: -98,
  code: 'EADDRINUSE',
  syscall: 'bind',
  address: null,
  port: 8084
}
Worker 117545 died (code: 1). Restarting...
Error: bind EADDRINUSE null:8084
    at listenOnPrimaryHandle (node:net:1989:18)
    at rr (node:internal/cluster/child:163:12)
    at Worker.<anonymous> (node:internal/cluster/child:113:7)
    at process.onInternalMessage (node:internal/cluster/utils:49:5)
    at process.emit (node:events:536:35)
    at emit (node:internal/child_process:950:14)
    at process.processTicksAndRejections (node:internal/process/task_queues:83:21) {
  errno: -98,
  code: 'EADDRINUSE',
  syscall: 'bind',
  address: null,
  port: 8084
}
Error: bind EADDRINUSE null:8084
    at listenOnPrimaryHandle (node:net:1989:18)
    at rr (node:internal/cluster/child:163:12)
    at Worker.<anonymous> (node:internal/cluster/child:113:7)
    at process.onInternalMessage (node:internal/cluster/utils:49:5)
    at process.emit (node:events:536:35)
    at emit (node:internal/child_process:950:14)
    at process.processTicksAndRejections (node:internal/process/task_queues:83:21) {
  errno: -98,
  code: 'EADDRINUSE',
  syscall: 'bind',
  address: null,
  port: 8084
}
Error: bind EADDRINUSE null:8084
    at listenOnPrimaryHandle (node:net:1989:18)
    at rr (node:internal/cluster/child:163:12)
    at Worker.<anonymous> (node:internal/cluster/child:113:7)
    at process.onInternalMessage (node:internal/cluster/utils:49:5)
    at process.emit (node:events:536:35)
    at emit (node:internal/child_process:950:14)
    at process.processTicksAndRejections (node:internal/process/task_queues:83:21) {
  errno: -98,
  code: 'EADDRINUSE',
  syscall: 'bind',
  address: null,
  port: 8084
}
Worker 117528 died (code: 1). Restarting...
Worker 117557 died (code: 1). Restarting...
Worker 117522 died (code: 1). Restarting...
Error: bind EADDRINUSE null:8084
    at listenOnPrimaryHandle (node:net:1989:18)
    at rr (node:internal/cluster/child:163:12)
    at Worker.<anonymous> (node:internal/cluster/child:113:7)
    at process.onInternalMessage (node:internal/cluster/utils:49:5)
    at process.emit (node:events:536:35)
    at emit (node:internal/child_process:950:14)
    at process.processTicksAndRejections (node:internal/process/task_queues:83:21) {
  errno: -98,
  code: 'EADDRINUSE',
  syscall: 'bind',
  address: null,
  port: 8084
}
Worker 117546 died (code: 1). Restarting...
Error: bind EADDRINUSE null:8084
    at listenOnPrimaryHandle (node:net:1989:18)
    at rr (node:internal/cluster/child:163:12)
    at Worker.<anonymous> (node:internal/cluster/child:113:7)
    at process.onInternalMessage (node:internal/cluster/utils:49:5)
    at process.emit (node:events:536:35)
    at emit (node:internal/child_process:950:14)
    at process.processTicksAndRejections (node:internal/process/task_queues:83:21) {
  errno: -98,
  code: 'EADDRINUSE',
  syscall: 'bind',
  address: null,
  port: 8084
}
Worker 117579 died (code: 1). Restarting...
Error: bind EADDRINUSE null:8084
    at listenOnPrimaryHandle (node:net:1989:18)
    at rr (node:internal/cluster/child:163:12)
    at Worker.<anonymous> (node:internal/cluster/child:113:7)
    at process.onInternalMessage (node:internal/cluster/utils:49:5)
    at process.emit (node:events:536:35)
    at emit (node:internal/child_process:950:14)
    at process.processTicksAndRejections (node:internal/process/task_queues:83:21) {
  errno: -98,
  code: 'EADDRINUSE',
  syscall: 'bind',
  address: null,
  port: 8084
}
Worker 117600 died (code: 1). Restarting...
Error: bind EADDRINUSE null:8084
    at listenOnPrimaryHandle (node:net:1989:18)
    at rr (node:internal/cluster/child:163:12)
    at Worker.<anonymous> (node:internal/cluster/child:113:7)
    at process.onInternalMessage (node:internal/cluster/utils:49:5)
    at process.emit (node:events:536:35)
    at emit (node:internal/child_process:950:14)
    at process.processTicksAndRejections (node:internal/process/task_queues:83:21) {
  errno: -98,
  code: 'EADDRINUSE',
  syscall: 'bind',
  address: null,
  port: 8084
}
Worker 117613 died (code: 1). Restarting...
Error: bind EADDRINUSE null:8084
    at listenOnPrimaryHandle (node:net:1989:18)
    at rr (node:internal/cluster/child:163:12)
    at Worker.<anonymous> (node:internal/cluster/child:113:7)
    at process.onInternalMessage (node:internal/cluster/utils:49:5)
    at process.emit (node:events:536:35)
    at emit (node:internal/child_process:950:14)
    at process.processTicksAndRejections (node:internal/process/task_queues:83:21) {
  errno: -98,
  code: 'EADDRINUSE',
  syscall: 'bind',
  address: null,
  port: 8084
}
Worker 117642 died (code: 1). Restarting...
Error: bind EADDRINUSE null:8084
    at listenOnPrimaryHandle (node:net:1989:18)
    at rr (node:internal/cluster/child:163:12)
    at Worker.<anonymous> (node:internal/cluster/child:113:7)
    at process.onInternalMessage (node:internal/cluster/utils:49:5)
    at process.emit (node:events:536:35)
    at emit (node:internal/child_process:950:14)
    at process.processTicksAndRejections (node:internal/process/task_queues:83:21) {
  errno: -98,
  code: 'EADDRINUSE',
  syscall: 'bind',
  address: null,
  port: 8084
}
Worker 117636 died (code: 1). Restarting...
Error: bind EADDRINUSE null:8084
    at listenOnPrimaryHandle (node:net:1989:18)
    at rr (node:internal/cluster/child:163:12)
    at Worker.<anonymous> (node:internal/cluster/child:113:7)
    at process.onInternalMessage (node:internal/cluster/utils:49:5)
    at process.emit (node:events:536:35)
    at emit (node:internal/child_process:950:14)
    at process.processTicksAndRejections (node:internal/process/task_queues:83:21) {
  errno: -98,
  code: 'EADDRINUSE',
  syscall: 'bind',
  address: null,
  port: 8084
}
Error: bind EADDRINUSE null:8084
    at listenOnPrimaryHandle (node:net:1989:18)
    at rr (node:internal/cluster/child:163:12)
    at Worker.<anonymous> (node:internal/cluster/child:113:7)
    at process.onInternalMessage (node:internal/cluster/utils:49:5)
    at process.emit (node:events:536:35)
    at emit (node:internal/child_process:950:14)
    at process.processTicksAndRejections (node:internal/process/task_queues:83:21) {
  errno: -98,
  code: 'EADDRINUSE',
  syscall: 'bind',
  address: null,
  port: 8084
}
Worker 117643 died (code: 1). Restarting...
Error: bind EADDRINUSE null:8084
    at listenOnPrimaryHandle (node:net:1989:18)
    at rr (node:internal/cluster/child:163:12)
    at Worker.<anonymous> (node:internal/cluster/child:113:7)
    at process.onInternalMessage (node:internal/cluster/utils:49:5)
    at process.emit (node:events:536:35)
    at emit (node:internal/child_process:950:14)
    at process.processTicksAndRejections (node:internal/process/task_queues:83:21) {
  errno: -98,
  code: 'EADDRINUSE',
  syscall: 'bind',
  address: null,
  port: 8084
}
Worker 117631 died (code: 1). Restarting...
Worker 117662 died (code: 1). Restarting...
Error: bind EADDRINUSE null:8084
    at listenOnPrimaryHandle (node:net:1989:18)
    at rr (node:internal/cluster/child:163:12)
    at Worker.<anonymous> (node:internal/cluster/child:113:7)
    at process.onInternalMessage (node:internal/cluster/utils:49:5)
    at process.emit (node:events:536:35)
    at emit (node:internal/child_process:950:14)
    at process.processTicksAndRejections (node:internal/process/task_queues:83:21) {
  errno: -98,
  code: 'EADDRINUSE',
  syscall: 'bind',
  address: null,
  port: 8084
}
Worker 117679 died (code: 1). Restarting...
Error: bind EADDRINUSE null:8084
    at listenOnPrimaryHandle (node:net:1989:18)
    at rr (node:internal/cluster/child:163:12)
    at Worker.<anonymous> (node:internal/cluster/child:113:7)
    at process.onInternalMessage (node:internal/cluster/utils:49:5)
    at process.emit (node:events:536:35)
    at emit (node:internal/child_process:950:14)
    at process.processTicksAndRejections (node:internal/process/task_queues:83:21) {
  errno: -98,
  code: 'EADDRINUSE',
  syscall: 'bind',
  address: null,
  port: 8084
}
Worker 117705 died (code: 1). Restarting...
Error: bind EADDRINUSE null:8084
    at listenOnPrimaryHandle (node:net:1989:18)
    at rr (node:internal/cluster/child:163:12)
    at Worker.<anonymous> (node:internal/cluster/child:113:7)
    at process.onInternalMessage (node:internal/cluster/utils:49:5)
    at process.emit (node:events:536:35)
    at emit (node:internal/child_process:950:14)
    at process.processTicksAndRejections (node:internal/process/task_queues:83:21) {
  errno: -98,
  code: 'EADDRINUSE',
  syscall: 'bind',
  address: null,
  port: 8084
}
Worker 117718 died (code: 1). Restarting...
Error: bind EADDRINUSE null:8084
    at listenOnPrimaryHandle (node:net:1989:18)
    at rr (node:internal/cluster/child:163:12)
    at Worker.<anonymous> (node:internal/cluster/child:113:7)
    at process.onInternalMessage (node:internal/cluster/utils:49:5)
    at process.emit (node:events:536:35)
    at emit (node:internal/child_process:950:14)
    at process.processTicksAndRejections (node:internal/process/task_queues:83:21) {
  errno: -98,
  code: 'EADDRINUSE',
  syscall: 'bind',
  address: null,
  port: 8084
}
Error: bind EADDRINUSE null:8084
    at listenOnPrimaryHandle (node:net:1989:18)
    at rr (node:internal/cluster/child:163:12)
    at Worker.<anonymous> (node:internal/cluster/child:113:7)
    at process.onInternalMessage (node:internal/cluster/utils:49:5)
    at process.emit (node:events:536:35)
    at emit (node:internal/child_process:950:14)
    at process.processTicksAndRejections (node:internal/process/task_queues:83:21) {
  errno: -98,
  code: 'EADDRINUSE',
  syscall: 'bind',
  address: null,
  port: 8084
}
Worker 117734 died (code: 1). Restarting...
Worker 117741 died (code: 1). Restarting...
Error: bind EADDRINUSE null:8084
    at listenOnPrimaryHandle (node:net:1989:18)
    at rr (node:internal/cluster/child:163:12)
    at Worker.<anonymous> (node:internal/cluster/child:113:7)
    at process.onInternalMessage (node:internal/cluster/utils:49:5)
    at process.emit (node:events:536:35)
    at emit (node:internal/child_process:950:14)
    at process.processTicksAndRejections (node:internal/process/task_queues:83:21) {
  errno: -98,
  code: 'EADDRINUSE',
  syscall: 'bind',
  address: null,
  port: 8084
}
Error: bind EADDRINUSE null:8084
    at listenOnPrimaryHandle (node:net:1989:18)
    at rr (node:internal/cluster/child:163:12)
    at Worker.<anonymous> (node:internal/cluster/child:113:7)
    at process.onInternalMessage (node:internal/cluster/utils:49:5)
    at process.emit (node:events:536:35)
    at emit (node:internal/child_process:950:14)
    at process.processTicksAndRejections (node:internal/process/task_queues:83:21) {
  errno: -98,
  code: 'EADDRINUSE',
  syscall: 'bind',
  address: null,
  port: 8084
}
Worker 117752 died (code: 1). Restarting...
Worker 117758 died (code: 1). Restarting...
Error: bind EADDRINUSE null:8084
    at listenOnPrimaryHandle (node:net:1989:18)
    at rr (node:internal/cluster/child:163:12)
    at Worker.<anonymous> (node:internal/cluster/child:113:7)
    at process.onInternalMessage (node:internal/cluster/utils:49:5)
    at process.emit (node:events:536:35)
    at emit (node:internal/child_process:950:14)
    at process.processTicksAndRejections (node:internal/process/task_queues:83:21) {
  errno: -98,
  code: 'EADDRINUSE',
  syscall: 'bind',
  address: null,
  port: 8084
}
Worker 117770 died (code: 1). Restarting...
Error: bind EADDRINUSE null:8084
    at listenOnPrimaryHandle (node:net:1989:18)
    at rr (node:internal/cluster/child:163:12)
    at Worker.<anonymous> (node:internal/cluster/child:113:7)
    at process.onInternalMessage (node:internal/cluster/utils:49:5)
    at process.emit (node:events:536:35)
    at emit (node:internal/child_process:950:14)
    at process.processTicksAndRejections (node:internal/process/task_queues:83:21) {
  errno: -98,
  code: 'EADDRINUSE',
  syscall: 'bind',
  address: null,
  port: 8084
}
Worker 117787 died (code: 1). Restarting...
Error: bind EADDRINUSE null:8084
    at listenOnPrimaryHandle (node:net:1989:18)
    at rr (node:internal/cluster/child:163:12)
    at Worker.<anonymous> (node:internal/cluster/child:113:7)
    at process.onInternalMessage (node:internal/cluster/utils:49:5)
    at process.emit (node:events:536:35)
    at emit (node:internal/child_process:950:14)
    at process.processTicksAndRejections (node:internal/process/task_queues:83:21) {
  errno: -98,
  code: 'EADDRINUSE',
  syscall: 'bind',
  address: null,
  port: 8084
}
Error: bind EADDRINUSE null:8084
    at listenOnPrimaryHandle (node:net:1989:18)
    at rr (node:internal/cluster/child:163:12)
    at Worker.<anonymous> (node:internal/cluster/child:113:7)
    at process.onInternalMessage (node:internal/cluster/utils:49:5)
    at process.emit (node:events:536:35)
    at emit (node:internal/child_process:950:14)
    at process.processTicksAndRejections (node:internal/process/task_queues:83:21) {
  errno: -98,
  code: 'EADDRINUSE',
  syscall: 'bind',
  address: null,
  port: 8084
}
Worker 117801 died (code: 1). Restarting...
Worker 117814 died (code: 1). Restarting...
Error: bind EADDRINUSE null:8084
    at listenOnPrimaryHandle (node:net:1989:18)
    at rr (node:internal/cluster/child:163:12)
    at Worker.<anonymous> (node:internal/cluster/child:113:7)
    at process.onInternalMessage (node:internal/cluster/utils:49:5)
    at process.emit (node:events:536:35)
    at emit (node:internal/child_process:950:14)
    at process.processTicksAndRejections (node:internal/process/task_queues:83:21) {
  errno: -98,
  code: 'EADDRINUSE',
  syscall: 'bind',
  address: null,
  port: 8084
}
Worker 117843 died (code: 1). Restarting...
Error: bind EADDRINUSE null:8084
    at listenOnPrimaryHandle (node:net:1989:18)
    at rr (node:internal/cluster/child:163:12)
    at Worker.<anonymous> (node:internal/cluster/child:113:7)
    at process.onInternalMessage (node:internal/cluster/utils:49:5)
    at process.emit (node:events:536:35)
    at emit (node:internal/child_process:950:14)
    at process.processTicksAndRejections (node:internal/process/task_queues:83:21) {
  errno: -98,
  code: 'EADDRINUSE',
  syscall: 'bind',
  address: null,
  port: 8084
}
Worker 117878 died (code: 1). Restarting...
Error: bind EADDRINUSE null:8084
    at listenOnPrimaryHandle (node:net:1989:18)
    at rr (node:internal/cluster/child:163:12)
    at Worker.<anonymous> (node:internal/cluster/child:113:7)
    at process.onInternalMessage (node:internal/cluster/utils:49:5)
    at process.emit (node:events:536:35)
    at emit (node:internal/child_process:950:14)
    at process.processTicksAndRejections (node:internal/process/task_queues:83:21) {
  errno: -98,
  code: 'EADDRINUSE',
  syscall: 'bind',
  address: null,
  port: 8084
}
Worker 117842 died (code: 1). Restarting...
Error: bind EADDRINUSE null:8084
    at listenOnPrimaryHandle (node:net:1989:18)
    at rr (node:internal/cluster/child:163:12)
    at Worker.<anonymous> (node:internal/cluster/child:113:7)
    at process.onInternalMessage (node:internal/cluster/utils:49:5)
    at process.emit (node:events:536:35)
    at emit (node:internal/child_process:950:14)
    at process.processTicksAndRejections (node:internal/process/task_queues:83:21) {
  errno: -98,
  code: 'EADDRINUSE',
  syscall: 'bind',
  address: null,
  port: 8084
}
Worker 117865 died (code: 1). Restarting...
Error: bind EADDRINUSE null:8084
    at listenOnPrimaryHandle (node:net:1989:18)
    at rr (node:internal/cluster/child:163:12)
    at Worker.<anonymous> (node:internal/cluster/child:113:7)
    at process.onInternalMessage (node:internal/cluster/utils:49:5)
    at process.emit (node:events:536:35)
    at emit (node:internal/child_process:950:14)
    at process.processTicksAndRejections (node:internal/process/task_queues:83:21) {
  errno: -98,
  code: 'EADDRINUSE',
  syscall: 'bind',
  address: null,
  port: 8084
}
Worker 117871 died (code: 1). Restarting...
Error: bind EADDRINUSE null:8084
    at listenOnPrimaryHandle (node:net:1989:18)
    at rr (node:internal/cluster/child:163:12)
    at Worker.<anonymous> (node:internal/cluster/child:113:7)
    at process.onInternalMessage (node:internal/cluster/utils:49:5)
    at process.emit (node:events:536:35)
    at emit (node:internal/child_process:950:14)
    at process.processTicksAndRejections (node:internal/process/task_queues:83:21) {
  errno: -98,
  code: 'EADDRINUSE',
  syscall: 'bind',
  address: null,
  port: 8084
}
Worker 117901 died (code: 1). Restarting...
Error: bind EADDRINUSE null:8084
    at listenOnPrimaryHandle (node:net:1989:18)
    at rr (node:internal/cluster/child:163:12)
    at Worker.<anonymous> (node:internal/cluster/child:113:7)
    at process.onInternalMessage (node:internal/cluster/utils:49:5)
    at process.emit (node:events:536:35)
    at emit (node:internal/child_process:950:14)
    at process.processTicksAndRejections (node:internal/process/task_queues:83:21) {
  errno: -98,
  code: 'EADDRINUSE',
  syscall: 'bind',
  address: null,
  port: 8084
}
Error: bind EADDRINUSE null:8084
    at listenOnPrimaryHandle (node:net:1989:18)
    at rr (node:internal/cluster/child:163:12)
    at Worker.<anonymous> (node:internal/cluster/child:113:7)
    at process.onInternalMessage (node:internal/cluster/utils:49:5)
    at process.emit (node:events:536:35)
    at emit (node:internal/child_process:950:14)
    at process.processTicksAndRejections (node:internal/process/task_queues:83:21) {
  errno: -98,
  code: 'EADDRINUSE',
  syscall: 'bind',
  address: null,
  port: 8084
}
Worker 117903 died (code: 1). Restarting...
Worker 117886 died (code: 1). Restarting...
Error: bind EADDRINUSE null:8084
    at listenOnPrimaryHandle (node:net:1989:18)
    at rr (node:internal/cluster/child:163:12)
    at Worker.<anonymous> (node:internal/cluster/child:113:7)
    at process.onInternalMessage (node:internal/cluster/utils:49:5)
    at process.emit (node:events:536:35)
    at emit (node:internal/child_process:950:14)
    at process.processTicksAndRejections (node:internal/process/task_queues:83:21) {
  errno: -98,
  code: 'EADDRINUSE',
  syscall: 'bind',
  address: null,
  port: 8084
}
Worker 117962 died (code: 1). Restarting...
Error: bind EADDRINUSE null:8084
    at listenOnPrimaryHandle (node:net:1989:18)
    at rr (node:internal/cluster/child:163:12)
    at Worker.<anonymous> (node:internal/cluster/child:113:7)
    at process.onInternalMessage (node:internal/cluster/utils:49:5)
    at process.emit (node:events:536:35)
    at emit (node:internal/child_process:950:14)
    at process.processTicksAndRejections (node:internal/process/task_queues:83:21) {
  errno: -98,
  code: 'EADDRINUSE',
  syscall: 'bind',
  address: null,
  port: 8084
}
Worker 117950 died (code: 1). Restarting...
Error: bind EADDRINUSE null:8084
    at listenOnPrimaryHandle (node:net:1989:18)
    at rr (node:internal/cluster/child:163:12)
    at Worker.<anonymous> (node:internal/cluster/child:113:7)
    at process.onInternalMessage (node:internal/cluster/utils:49:5)
    at process.emit (node:events:536:35)
    at emit (node:internal/child_process:950:14)
    at process.processTicksAndRejections (node:internal/process/task_queues:83:21) {
  errno: -98,
  code: 'EADDRINUSE',
  syscall: 'bind',
  address: null,
  port: 8084
}
Worker 117966 died (code: 1). Restarting...
Error: bind EADDRINUSE null:8084
    at listenOnPrimaryHandle (node:net:1989:18)
    at rr (node:internal/cluster/child:163:12)
    at Worker.<anonymous> (node:internal/cluster/child:113:7)
    at process.onInternalMessage (node:internal/cluster/utils:49:5)
    at process.emit (node:events:536:35)
    at emit (node:internal/child_process:950:14)
    at process.processTicksAndRejections (node:internal/process/task_queues:83:21) {
  errno: -98,
  code: 'EADDRINUSE',
  syscall: 'bind',
  address: null,
  port: 8084
}
Worker 117998 died (code: 1). Restarting...
Error: bind EADDRINUSE null:8084
    at listenOnPrimaryHandle (node:net:1989:18)
    at rr (node:internal/cluster/child:163:12)
    at Worker.<anonymous> (node:internal/cluster/child:113:7)
    at process.onInternalMessage (node:internal/cluster/utils:49:5)
    at process.emit (node:events:536:35)
    at emit (node:internal/child_process:950:14)
    at process.processTicksAndRejections (node:internal/process/task_queues:83:21) {
  errno: -98,
  code: 'EADDRINUSE',
  syscall: 'bind',
  address: null,
  port: 8084
}
Worker 117986 died (code: 1). Restarting...
Error: bind EADDRINUSE null:8084
    at listenOnPrimaryHandle (node:net:1989:18)
    at rr (node:internal/cluster/child:163:12)
    at Worker.<anonymous> (node:internal/cluster/child:113:7)
    at process.onInternalMessage (node:internal/cluster/utils:49:5)
    at process.emit (node:events:536:35)
    at emit (node:internal/child_process:950:14)
    at process.processTicksAndRejections (node:internal/process/task_queues:83:21) {
  errno: -98,
  code: 'EADDRINUSE',
  syscall: 'bind',
  address: null,
  port: 8084
}
Error: bind EADDRINUSE null:8084
    at listenOnPrimaryHandle (node:net:1989:18)
    at rr (node:internal/cluster/child:163:12)
    at Worker.<anonymous> (node:internal/cluster/child:113:7)
    at process.onInternalMessage (node:internal/cluster/utils:49:5)
    at process.emit (node:events:536:35)
    at emit (node:internal/child_process:950:14)
    at process.processTicksAndRejections (node:internal/process/task_queues:83:21) {
  errno: -98,
  code: 'EADDRINUSE',
  syscall: 'bind',
  address: null,
  port: 8084
}
Error: bind EADDRINUSE null:8084
    at listenOnPrimaryHandle (node:net:1989:18)
    at rr (node:internal/cluster/child:163:12)
    at Worker.<anonymous> (node:internal/cluster/child:113:7)
    at process.onInternalMessage (node:internal/cluster/utils:49:5)
    at process.emit (node:events:536:35)
    at emit (node:internal/child_process:950:14)
    at process.processTicksAndRejections (node:internal/process/task_queues:83:21) {
  errno: -98,
  code: 'EADDRINUSE',
  syscall: 'bind',
  address: null,
  port: 8084
}
Worker 117980 died (code: 1). Restarting...
Worker 118013 died (code: 1). Restarting...
Worker 118014 died (code: 1). Restarting...
Error: bind EADDRINUSE null:8084
    at listenOnPrimaryHandle (node:net:1989:18)
    at rr (node:internal/cluster/child:163:12)
    at Worker.<anonymous> (node:internal/cluster/child:113:7)
    at process.onInternalMessage (node:internal/cluster/utils:49:5)
    at process.emit (node:events:536:35)
    at emit (node:internal/child_process:950:14)
    at process.processTicksAndRejections (node:internal/process/task_queues:83:21) {
  errno: -98,
  code: 'EADDRINUSE',
  syscall: 'bind',
  address: null,
  port: 8084
}
Worker 118054 died (code: 1). Restarting...
Error: bind EADDRINUSE null:8084
    at listenOnPrimaryHandle (node:net:1989:18)
    at rr (node:internal/cluster/child:163:12)
    at Worker.<anonymous> (node:internal/cluster/child:113:7)
    at process.onInternalMessage (node:internal/cluster/utils:49:5)
    at process.emit (node:events:536:35)
    at emit (node:internal/child_process:950:14)
    at process.processTicksAndRejections (node:internal/process/task_queues:83:21) {
  errno: -98,
  code: 'EADDRINUSE',
  syscall: 'bind',
  address: null,
  port: 8084
}
Error: bind EADDRINUSE null:8084
    at listenOnPrimaryHandle (node:net:1989:18)
    at rr (node:internal/cluster/child:163:12)
    at Worker.<anonymous> (node:internal/cluster/child:113:7)
    at process.onInternalMessage (node:internal/cluster/utils:49:5)
    at process.emit (node:events:536:35)
    at emit (node:internal/child_process:950:14)
    at process.processTicksAndRejections (node:internal/process/task_queues:83:21) {
  errno: -98,
  code: 'EADDRINUSE',
  syscall: 'bind',
  address: null,
  port: 8084
}
Worker 118067 died (code: 1). Restarting...
Worker 118064 died (code: 1). Restarting...
Error: bind EADDRINUSE null:8084
    at listenOnPrimaryHandle (node:net:1989:18)
    at rr (node:internal/cluster/child:163:12)
    at Worker.<anonymous> (node:internal/cluster/child:113:7)
    at process.onInternalMessage (node:internal/cluster/utils:49:5)
    at process.emit (node:events:536:35)
    at emit (node:internal/child_process:950:14)
    at process.processTicksAndRejections (node:internal/process/task_queues:83:21) {
  errno: -98,
  code: 'EADDRINUSE',
  syscall: 'bind',
  address: null,
  port: 8084
}
Worker 118113 died (code: 1). Restarting...
Error: bind EADDRINUSE null:8084
    at listenOnPrimaryHandle (node:net:1989:18)
    at rr (node:internal/cluster/child:163:12)
    at Worker.<anonymous> (node:internal/cluster/child:113:7)
    at process.onInternalMessage (node:internal/cluster/utils:49:5)
    at process.emit (node:events:536:35)
    at emit (node:internal/child_process:950:14)
    at process.processTicksAndRejections (node:internal/process/task_queues:83:21) {
  errno: -98,
  code: 'EADDRINUSE',
  syscall: 'bind',
  address: null,
  port: 8084
}
Worker 118095 died (code: 1). Restarting...
Error: bind EADDRINUSE null:8084
    at listenOnPrimaryHandle (node:net:1989:18)
    at rr (node:internal/cluster/child:163:12)
    at Worker.<anonymous> (node:internal/cluster/child:113:7)
    at process.onInternalMessage (node:internal/cluster/utils:49:5)
    at process.emit (node:events:536:35)
    at emit (node:internal/child_process:950:14)
    at process.processTicksAndRejections (node:internal/process/task_queues:83:21) {
  errno: -98,
  code: 'EADDRINUSE',
  syscall: 'bind',
  address: null,
  port: 8084
}
Worker 118088 died (code: 1). Restarting...
Error: bind EADDRINUSE null:8084
    at listenOnPrimaryHandle (node:net:1989:18)
    at rr (node:internal/cluster/child:163:12)
    at Worker.<anonymous> (node:internal/cluster/child:113:7)
    at process.onInternalMessage (node:internal/cluster/utils:49:5)
    at process.emit (node:events:536:35)
    at emit (node:internal/child_process:950:14)
    at process.processTicksAndRejections (node:internal/process/task_queues:83:21) {
  errno: -98,
  code: 'EADDRINUSE',
  syscall: 'bind',
  address: null,
  port: 8084
}
Worker 118115 died (code: 1). Restarting...
Error: bind EADDRINUSE null:8084
    at listenOnPrimaryHandle (node:net:1989:18)
    at rr (node:internal/cluster/child:163:12)
    at Worker.<anonymous> (node:internal/cluster/child:113:7)
    at process.onInternalMessage (node:internal/cluster/utils:49:5)
    at process.emit (node:events:536:35)
    at emit (node:internal/child_process:950:14)
    at process.processTicksAndRejections (node:internal/process/task_queues:83:21) {
  errno: -98,
  code: 'EADDRINUSE',
  syscall: 'bind',
  address: null,
  port: 8084
}
Worker 118121 died (code: 1). Restarting...
Error: bind EADDRINUSE null:8084
    at listenOnPrimaryHandle (node:net:1989:18)
    at rr (node:internal/cluster/child:163:12)
    at Worker.<anonymous> (node:internal/cluster/child:113:7)
    at process.onInternalMessage (node:internal/cluster/utils:49:5)
    at process.emit (node:events:536:35)
    at emit (node:internal/child_process:950:14)
    at process.processTicksAndRejections (node:internal/process/task_queues:83:21) {
  errno: -98,
  code: 'EADDRINUSE',
  syscall: 'bind',
  address: null,
  port: 8084
}
Worker 118158 died (code: 1). Restarting...
Error: bind EADDRINUSE null:8084
    at listenOnPrimaryHandle (node:net:1989:18)
    at rr (node:internal/cluster/child:163:12)
    at Worker.<anonymous> (node:internal/cluster/child:113:7)
    at process.onInternalMessage (node:internal/cluster/utils:49:5)
    at process.emit (node:events:536:35)
    at emit (node:internal/child_process:950:14)
    at process.processTicksAndRejections (node:internal/process/task_queues:83:21) {
  errno: -98,
  code: 'EADDRINUSE',
  syscall: 'bind',
  address: null,
  port: 8084
}
Error: bind EADDRINUSE null:8084
    at listenOnPrimaryHandle (node:net:1989:18)
    at rr (node:internal/cluster/child:163:12)
    at Worker.<anonymous> (node:internal/cluster/child:113:7)
    at process.onInternalMessage (node:internal/cluster/utils:49:5)
    at process.emit (node:events:536:35)
    at emit (node:internal/child_process:950:14)
    at process.processTicksAndRejections (node:internal/process/task_queues:83:21) {
  errno: -98,
  code: 'EADDRINUSE',
  syscall: 'bind',
  address: null,
  port: 8084
}
Worker 118167 died (code: 1). Restarting...
Worker 118168 died (code: 1). Restarting...
Error: bind EADDRINUSE null:8084
    at listenOnPrimaryHandle (node:net:1989:18)
    at rr (node:internal/cluster/child:163:12)
    at Worker.<anonymous> (node:internal/cluster/child:113:7)
    at process.onInternalMessage (node:internal/cluster/utils:49:5)
    at process.emit (node:events:536:35)
    at emit (node:internal/child_process:950:14)
    at process.processTicksAndRejections (node:internal/process/task_queues:83:21) {
  errno: -98,
  code: 'EADDRINUSE',
  syscall: 'bind',
  address: null,
  port: 8084
}
Error: bind EADDRINUSE null:8084
    at listenOnPrimaryHandle (node:net:1989:18)
    at rr (node:internal/cluster/child:163:12)
    at Worker.<anonymous> (node:internal/cluster/child:113:7)
    at process.onInternalMessage (node:internal/cluster/utils:49:5)
    at process.emit (node:events:536:35)
    at emit (node:internal/child_process:950:14)
    at process.processTicksAndRejections (node:internal/process/task_queues:83:21) {
  errno: -98,
  code: 'EADDRINUSE',
  syscall: 'bind',
  address: null,
  port: 8084
}
Worker 118215 died (code: 1). Restarting...
Worker 118195 died (code: 1). Restarting...
Error: bind EADDRINUSE null:8084
    at listenOnPrimaryHandle (node:net:1989:18)
    at rr (node:internal/cluster/child:163:12)
    at Worker.<anonymous> (node:internal/cluster/child:113:7)
    at process.onInternalMessage (node:internal/cluster/utils:49:5)
    at process.emit (node:events:536:35)
    at emit (node:internal/child_process:950:14)
    at process.processTicksAndRejections (node:internal/process/task_queues:83:21) {
  errno: -98,
  code: 'EADDRINUSE',
  syscall: 'bind',
  address: null,
  port: 8084
}
Worker 118209 died (code: 1). Restarting...
Error: bind EADDRINUSE null:8084
    at listenOnPrimaryHandle (node:net:1989:18)
    at rr (node:internal/cluster/child:163:12)
    at Worker.<anonymous> (node:internal/cluster/child:113:7)
    at process.onInternalMessage (node:internal/cluster/utils:49:5)
    at process.emit (node:events:536:35)
    at emit (node:internal/child_process:950:14)
    at process.processTicksAndRejections (node:internal/process/task_queues:83:21) {
  errno: -98,
  code: 'EADDRINUSE',
  syscall: 'bind',
  address: null,
  port: 8084
}
Error: bind EADDRINUSE null:8084
    at listenOnPrimaryHandle (node:net:1989:18)
    at rr (node:internal/cluster/child:163:12)
    at Worker.<anonymous> (node:internal/cluster/child:113:7)
    at process.onInternalMessage (node:internal/cluster/utils:49:5)
    at process.emit (node:events:536:35)
    at emit (node:internal/child_process:950:14)
    at process.processTicksAndRejections (node:internal/process/task_queues:83:21) {
  errno: -98,
  code: 'EADDRINUSE',
  syscall: 'bind',
  address: null,
  port: 8084
}
Worker 118202 died (code: 1). Restarting...
Worker 118236 died (code: 1). Restarting...
Error: bind EADDRINUSE null:8084
    at listenOnPrimaryHandle (node:net:1989:18)
    at rr (node:internal/cluster/child:163:12)
    at Worker.<anonymous> (node:internal/cluster/child:113:7)
    at process.onInternalMessage (node:internal/cluster/utils:49:5)
    at process.emit (node:events:536:35)
    at emit (node:internal/child_process:950:14)
    at process.processTicksAndRejections (node:internal/process/task_queues:83:21) {
  errno: -98,
  code: 'EADDRINUSE',
  syscall: 'bind',
  address: null,
  port: 8084
}
Worker 118253 died (code: 1). Restarting...
Error: bind EADDRINUSE null:8084
    at listenOnPrimaryHandle (node:net:1989:18)
    at rr (node:internal/cluster/child:163:12)
    at Worker.<anonymous> (node:internal/cluster/child:113:7)
    at process.onInternalMessage (node:internal/cluster/utils:49:5)
    at process.emit (node:events:536:35)
    at emit (node:internal/child_process:950:14)
    at process.processTicksAndRejections (node:internal/process/task_queues:83:21) {
  errno: -98,
  code: 'EADDRINUSE',
  syscall: 'bind',
  address: null,
  port: 8084
}
Worker 118274 died (code: 1). Restarting...
Error: bind EADDRINUSE null:8084
    at listenOnPrimaryHandle (node:net:1989:18)
    at rr (node:internal/cluster/child:163:12)
    at Worker.<anonymous> (node:internal/cluster/child:113:7)
    at process.onInternalMessage (node:internal/cluster/utils:49:5)
    at process.emit (node:events:536:35)
    at emit (node:internal/child_process:950:14)
    at process.processTicksAndRejections (node:internal/process/task_queues:83:21) {
  errno: -98,
  code: 'EADDRINUSE',
  syscall: 'bind',
  address: null,
  port: 8084
}
Worker 118273 died (code: 1). Restarting...
Error: bind EADDRINUSE null:8084
    at listenOnPrimaryHandle (node:net:1989:18)
    at rr (node:internal/cluster/child:163:12)
    at Worker.<anonymous> (node:internal/cluster/child:113:7)
    at process.onInternalMessage (node:internal/cluster/utils:49:5)
    at process.emit (node:events:536:35)
    at emit (node:internal/child_process:950:14)
    at process.processTicksAndRejections (node:internal/process/task_queues:83:21) {
  errno: -98,
  code: 'EADDRINUSE',
  syscall: 'bind',
  address: null,
  port: 8084
}
Worker 118296 died (code: 1). Restarting...
Error: bind EADDRINUSE null:8084
    at listenOnPrimaryHandle (node:net:1989:18)
    at rr (node:internal/cluster/child:163:12)
    at Worker.<anonymous> (node:internal/cluster/child:113:7)
    at process.onInternalMessage (node:internal/cluster/utils:49:5)
    at process.emit (node:events:536:35)
    at emit (node:internal/child_process:950:14)
    at process.processTicksAndRejections (node:internal/process/task_queues:83:21) {
  errno: -98,
  code: 'EADDRINUSE',
  syscall: 'bind',
  address: null,
  port: 8084
}
Worker 118303 died (code: 1). Restarting...
Error: bind EADDRINUSE null:8084
    at listenOnPrimaryHandle (node:net:1989:18)
    at rr (node:internal/cluster/child:163:12)
    at Worker.<anonymous> (node:internal/cluster/child:113:7)
    at process.onInternalMessage (node:internal/cluster/utils:49:5)
    at process.emit (node:events:536:35)
    at emit (node:internal/child_process:950:14)
    at process.processTicksAndRejections (node:internal/process/task_queues:83:21) {
  errno: -98,
  code: 'EADDRINUSE',
  syscall: 'bind',
  address: null,
  port: 8084
}
Worker 118317 died (code: 1). Restarting...
Error: bind EADDRINUSE null:8084
    at listenOnPrimaryHandle (node:net:1989:18)
    at rr (node:internal/cluster/child:163:12)
    at Worker.<anonymous> (node:internal/cluster/child:113:7)
    at process.onInternalMessage (node:internal/cluster/utils:49:5)
    at process.emit (node:events:536:35)
    at emit (node:internal/child_process:950:14)
    at process.processTicksAndRejections (node:internal/process/task_queues:83:21) {
  errno: -98,
  code: 'EADDRINUSE',
  syscall: 'bind',
  address: null,
  port: 8084
}
Worker 118332 died (code: 1). Restarting...
Error: bind EADDRINUSE null:8084
    at listenOnPrimaryHandle (node:net:1989:18)
    at rr (node:internal/cluster/child:163:12)
    at Worker.<anonymous> (node:internal/cluster/child:113:7)
    at process.onInternalMessage (node:internal/cluster/utils:49:5)
    at process.emit (node:events:536:35)
    at emit (node:internal/child_process:950:14)
    at process.processTicksAndRejections (node:internal/process/task_queues:83:21) {
  errno: -98,
  code: 'EADDRINUSE',
  syscall: 'bind',
  address: null,
  port: 8084
}
Worker 118335 died (code: 1). Restarting...
Error: bind EADDRINUSE null:8084
    at listenOnPrimaryHandle (node:net:1989:18)
    at rr (node:internal/cluster/child:163:12)
    at Worker.<anonymous> (node:internal/cluster/child:113:7)
    at process.onInternalMessage (node:internal/cluster/utils:49:5)
    at process.emit (node:events:536:35)
    at emit (node:internal/child_process:950:14)
    at process.processTicksAndRejections (node:internal/process/task_queues:83:21) {
  errno: -98,
  code: 'EADDRINUSE',
  syscall: 'bind',
  address: null,
  port: 8084
}
Worker 118372 died (code: 1). Restarting...
Error: bind EADDRINUSE null:8084
    at listenOnPrimaryHandle (node:net:1989:18)
    at rr (node:internal/cluster/child:163:12)
    at Worker.<anonymous> (node:internal/cluster/child:113:7)
    at process.onInternalMessage (node:internal/cluster/utils:49:5)
    at process.emit (node:events:536:35)
    at emit (node:internal/child_process:950:14)
    at process.processTicksAndRejections (node:internal/process/task_queues:83:21) {
  errno: -98,
  code: 'EADDRINUSE',
  syscall: 'bind',
  address: null,
  port: 8084
}
Worker 118360 died (code: 1). Restarting...
Error: bind EADDRINUSE null:8084
    at listenOnPrimaryHandle (node:net:1989:18)
    at rr (node:internal/cluster/child:163:12)
    at Worker.<anonymous> (node:internal/cluster/child:113:7)
    at process.onInternalMessage (node:internal/cluster/utils:49:5)
    at process.emit (node:events:536:35)
    at emit (node:internal/child_process:950:14)
    at process.processTicksAndRejections (node:internal/process/task_queues:83:21) {
  errno: -98,
  code: 'EADDRINUSE',
  syscall: 'bind',
  address: null,
  port: 8084
}
Worker 118388 died (code: 1). Restarting...
Error: bind EADDRINUSE null:8084
    at listenOnPrimaryHandle (node:net:1989:18)
    at rr (node:internal/cluster/child:163:12)
    at Worker.<anonymous> (node:internal/cluster/child:113:7)
    at process.onInternalMessage (node:internal/cluster/utils:49:5)
    at process.emit (node:events:536:35)
    at emit (node:internal/child_process:950:14)
    at process.processTicksAndRejections (node:internal/process/task_queues:83:21) {
  errno: -98,
  code: 'EADDRINUSE',
  syscall: 'bind',
  address: null,
  port: 8084
}
Worker 118400 died (code: 1). Restarting...
Error: bind EADDRINUSE null:8084
    at listenOnPrimaryHandle (node:net:1989:18)
    at rr (node:internal/cluster/child:163:12)
    at Worker.<anonymous> (node:internal/cluster/child:113:7)
    at process.onInternalMessage (node:internal/cluster/utils:49:5)
    at process.emit (node:events:536:35)
    at emit (node:internal/child_process:950:14)
    at process.processTicksAndRejections (node:internal/process/task_queues:83:21) {
  errno: -98,
  code: 'EADDRINUSE',
  syscall: 'bind',
  address: null,
  port: 8084
}
Worker 118413 died (code: 1). Restarting...
Error: bind EADDRINUSE null:8084
    at listenOnPrimaryHandle (node:net:1989:18)
    at rr (node:internal/cluster/child:163:12)
    at Worker.<anonymous> (node:internal/cluster/child:113:7)
    at process.onInternalMessage (node:internal/cluster/utils:49:5)
    at process.emit (node:events:536:35)
    at emit (node:internal/child_process:950:14)
    at process.processTicksAndRejections (node:internal/process/task_queues:83:21) {
  errno: -98,
  code: 'EADDRINUSE',
  syscall: 'bind',
  address: null,
  port: 8084
}
Worker 118426 died (code: 1). Restarting...
Error: bind EADDRINUSE null:8084
    at listenOnPrimaryHandle (node:net:1989:18)
    at rr (node:internal/cluster/child:163:12)
    at Worker.<anonymous> (node:internal/cluster/child:113:7)
    at process.onInternalMessage (node:internal/cluster/utils:49:5)
    at process.emit (node:events:536:35)
    at emit (node:internal/child_process:950:14)
    at process.processTicksAndRejections (node:internal/process/task_queues:83:21) {
  errno: -98,
  code: 'EADDRINUSE',
  syscall: 'bind',
  address: null,
  port: 8084
}
Error: bind EADDRINUSE null:8084
    at listenOnPrimaryHandle (node:net:1989:18)
    at rr (node:internal/cluster/child:163:12)
    at Worker.<anonymous> (node:internal/cluster/child:113:7)
    at process.onInternalMessage (node:internal/cluster/utils:49:5)
    at process.emit (node:events:536:35)
    at emit (node:internal/child_process:950:14)
    at process.processTicksAndRejections (node:internal/process/task_queues:83:21) {
  errno: -98,
  code: 'EADDRINUSE',
  syscall: 'bind',
  address: null,
  port: 8084
}
Error: bind EADDRINUSE null:8084
    at listenOnPrimaryHandle (node:net:1989:18)
    at rr (node:internal/cluster/child:163:12)
    at Worker.<anonymous> (node:internal/cluster/child:113:7)
    at process.onInternalMessage (node:internal/cluster/utils:49:5)
    at process.emit (node:events:536:35)
    at emit (node:internal/child_process:950:14)
    at process.processTicksAndRejections (node:internal/process/task_queues:83:21) {
  errno: -98,
  code: 'EADDRINUSE',
  syscall: 'bind',
  address: null,
  port: 8084
}
Worker 118464 died (code: 1). Restarting...
Worker 118433 died (code: 1). Restarting...
Worker 118449 died (code: 1). Restarting...
Error: bind EADDRINUSE null:8084
    at listenOnPrimaryHandle (node:net:1989:18)
    at rr (node:internal/cluster/child:163:12)
    at Worker.<anonymous> (node:internal/cluster/child:113:7)
    at process.onInternalMessage (node:internal/cluster/utils:49:5)
    at process.emit (node:events:536:35)
    at emit (node:internal/child_process:950:14)
    at process.processTicksAndRejections (node:internal/process/task_queues:83:21) {
  errno: -98,
  code: 'EADDRINUSE',
  syscall: 'bind',
  address: null,
  port: 8084
}
Error: bind EADDRINUSE null:8084
    at listenOnPrimaryHandle (node:net:1989:18)
    at rr (node:internal/cluster/child:163:12)
    at Worker.<anonymous> (node:internal/cluster/child:113:7)
    at process.onInternalMessage (node:internal/cluster/utils:49:5)
    at process.emit (node:events:536:35)
    at emit (node:internal/child_process:950:14)
    at process.processTicksAndRejections (node:internal/process/task_queues:83:21) {
  errno: -98,
  code: 'EADDRINUSE',
  syscall: 'bind',
  address: null,
  port: 8084
}
Worker 118496 died (code: 1). Restarting...
Worker 118476 died (code: 1). Restarting...
Error: bind EADDRINUSE null:8084
    at listenOnPrimaryHandle (node:net:1989:18)
    at rr (node:internal/cluster/child:163:12)
    at Worker.<anonymous> (node:internal/cluster/child:113:7)
    at process.onInternalMessage (node:internal/cluster/utils:49:5)
    at process.emit (node:events:536:35)
    at emit (node:internal/child_process:950:14)
    at process.processTicksAndRejections (node:internal/process/task_queues:83:21) {
  errno: -98,
  code: 'EADDRINUSE',
  syscall: 'bind',
  address: null,
  port: 8084
}
Worker 118503 died (code: 1). Restarting...
Error: bind EADDRINUSE null:8084
    at listenOnPrimaryHandle (node:net:1989:18)
    at rr (node:internal/cluster/child:163:12)
    at Worker.<anonymous> (node:internal/cluster/child:113:7)
    at process.onInternalMessage (node:internal/cluster/utils:49:5)
    at process.emit (node:events:536:35)
    at emit (node:internal/child_process:950:14)
    at process.processTicksAndRejections (node:internal/process/task_queues:83:21) {
  errno: -98,
  code: 'EADDRINUSE',
  syscall: 'bind',
  address: null,
  port: 8084
}
Worker 118513 died (code: 1). Restarting...
Error: bind EADDRINUSE null:8084
    at listenOnPrimaryHandle (node:net:1989:18)
    at rr (node:internal/cluster/child:163:12)
    at Worker.<anonymous> (node:internal/cluster/child:113:7)
    at process.onInternalMessage (node:internal/cluster/utils:49:5)
    at process.emit (node:events:536:35)
    at emit (node:internal/child_process:950:14)
    at process.processTicksAndRejections (node:internal/process/task_queues:83:21) {
  errno: -98,
  code: 'EADDRINUSE',
  syscall: 'bind',
  address: null,
  port: 8084
}
Worker 118534 died (code: 1). Restarting...
Error: bind EADDRINUSE null:8084
    at listenOnPrimaryHandle (node:net:1989:18)
    at rr (node:internal/cluster/child:163:12)
    at Worker.<anonymous> (node:internal/cluster/child:113:7)
    at process.onInternalMessage (node:internal/cluster/utils:49:5)
    at process.emit (node:events:536:35)
    at emit (node:internal/child_process:950:14)
    at process.processTicksAndRejections (node:internal/process/task_queues:83:21) {
  errno: -98,
  code: 'EADDRINUSE',
  syscall: 'bind',
  address: null,
  port: 8084
}
Error: bind EADDRINUSE null:8084
    at listenOnPrimaryHandle (node:net:1989:18)
    at rr (node:internal/cluster/child:163:12)
    at Worker.<anonymous> (node:internal/cluster/child:113:7)
    at process.onInternalMessage (node:internal/cluster/utils:49:5)
    at process.emit (node:events:536:35)
    at emit (node:internal/child_process:950:14)
    at process.processTicksAndRejections (node:internal/process/task_queues:83:21) {
  errno: -98,
  code: 'EADDRINUSE',
  syscall: 'bind',
  address: null,
  port: 8084
}
Worker 118567 died (code: 1). Restarting...
Worker 118568 died (code: 1). Restarting...
Error: bind EADDRINUSE null:8084
    at listenOnPrimaryHandle (node:net:1989:18)
    at rr (node:internal/cluster/child:163:12)
    at Worker.<anonymous> (node:internal/cluster/child:113:7)
    at process.onInternalMessage (node:internal/cluster/utils:49:5)
    at process.emit (node:events:536:35)
    at emit (node:internal/child_process:950:14)
    at process.processTicksAndRejections (node:internal/process/task_queues:83:21) {
  errno: -98,
  code: 'EADDRINUSE',
  syscall: 'bind',
  address: null,
  port: 8084
}
Error: bind EADDRINUSE null:8084
    at listenOnPrimaryHandle (node:net:1989:18)
    at rr (node:internal/cluster/child:163:12)
    at Worker.<anonymous> (node:internal/cluster/child:113:7)
    at process.onInternalMessage (node:internal/cluster/utils:49:5)
    at process.emit (node:events:536:35)
    at emit (node:internal/child_process:950:14)
    at process.processTicksAndRejections (node:internal/process/task_queues:83:21) {
  errno: -98,
  code: 'EADDRINUSE',
  syscall: 'bind',
  address: null,
  port: 8084
}
Worker 118588 died (code: 1). Restarting...
Worker 118569 died (code: 1). Restarting...
Error: bind EADDRINUSE null:8084
    at listenOnPrimaryHandle (node:net:1989:18)
    at rr (node:internal/cluster/child:163:12)
    at Worker.<anonymous> (node:internal/cluster/child:113:7)
    at process.onInternalMessage (node:internal/cluster/utils:49:5)
    at process.emit (node:events:536:35)
    at emit (node:internal/child_process:950:14)
    at process.processTicksAndRejections (node:internal/process/task_queues:83:21) {
  errno: -98,
  code: 'EADDRINUSE',
  syscall: 'bind',
  address: null,
  port: 8084
}
Worker 118598 died (code: 1). Restarting...
Error: bind EADDRINUSE null:8084
    at listenOnPrimaryHandle (node:net:1989:18)
    at rr (node:internal/cluster/child:163:12)
    at Worker.<anonymous> (node:internal/cluster/child:113:7)
    at process.onInternalMessage (node:internal/cluster/utils:49:5)
    at process.emit (node:events:536:35)
    at emit (node:internal/child_process:950:14)
    at process.processTicksAndRejections (node:internal/process/task_queues:83:21) {
  errno: -98,
  code: 'EADDRINUSE',
  syscall: 'bind',
  address: null,
  port: 8084
}
Error: bind EADDRINUSE null:8084
    at listenOnPrimaryHandle (node:net:1989:18)
    at rr (node:internal/cluster/child:163:12)
    at Worker.<anonymous> (node:internal/cluster/child:113:7)
    at process.onInternalMessage (node:internal/cluster/utils:49:5)
    at process.emit (node:events:536:35)
    at emit (node:internal/child_process:950:14)
    at process.processTicksAndRejections (node:internal/process/task_queues:83:21) {
  errno: -98,
  code: 'EADDRINUSE',
  syscall: 'bind',
  address: null,
  port: 8084
}
Worker 118609 died (code: 1). Restarting...
Worker 118622 died (code: 1). Restarting...
Error: bind EADDRINUSE null:8084
    at listenOnPrimaryHandle (node:net:1989:18)
    at rr (node:internal/cluster/child:163:12)
    at Worker.<anonymous> (node:internal/cluster/child:113:7)
    at process.onInternalMessage (node:internal/cluster/utils:49:5)
    at process.emit (node:events:536:35)
    at emit (node:internal/child_process:950:14)
    at process.processTicksAndRejections (node:internal/process/task_queues:83:21) {
  errno: -98,
  code: 'EADDRINUSE',
  syscall: 'bind',
  address: null,
  port: 8084
}
Worker 118647 died (code: 1). Restarting...
Error: bind EADDRINUSE null:8084
    at listenOnPrimaryHandle (node:net:1989:18)
    at rr (node:internal/cluster/child:163:12)
    at Worker.<anonymous> (node:internal/cluster/child:113:7)
    at process.onInternalMessage (node:internal/cluster/utils:49:5)
    at process.emit (node:events:536:35)
    at emit (node:internal/child_process:950:14)
    at process.processTicksAndRejections (node:internal/process/task_queues:83:21) {
  errno: -98,
  code: 'EADDRINUSE',
  syscall: 'bind',
  address: null,
  port: 8084
}
Worker 118668 died (code: 1). Restarting...
Error: bind EADDRINUSE null:8084
    at listenOnPrimaryHandle (node:net:1989:18)
    at rr (node:internal/cluster/child:163:12)
    at Worker.<anonymous> (node:internal/cluster/child:113:7)
    at process.onInternalMessage (node:internal/cluster/utils:49:5)
    at process.emit (node:events:536:35)
    at emit (node:internal/child_process:950:14)
    at process.processTicksAndRejections (node:internal/process/task_queues:83:21) {
  errno: -98,
  code: 'EADDRINUSE',
  syscall: 'bind',
  address: null,
  port: 8084
}
Worker 118667 died (code: 1). Restarting...
Error: bind EADDRINUSE null:8084
    at listenOnPrimaryHandle (node:net:1989:18)
    at rr (node:internal/cluster/child:163:12)
    at Worker.<anonymous> (node:internal/cluster/child:113:7)
    at process.onInternalMessage (node:internal/cluster/utils:49:5)
    at process.emit (node:events:536:35)
    at emit (node:internal/child_process:950:14)
    at process.processTicksAndRejections (node:internal/process/task_queues:83:21) {
  errno: -98,
  code: 'EADDRINUSE',
  syscall: 'bind',
  address: null,
  port: 8084
}
Error: bind EADDRINUSE null:8084
    at listenOnPrimaryHandle (node:net:1989:18)
    at rr (node:internal/cluster/child:163:12)
    at Worker.<anonymous> (node:internal/cluster/child:113:7)
    at process.onInternalMessage (node:internal/cluster/utils:49:5)
    at process.emit (node:events:536:35)
    at emit (node:internal/child_process:950:14)
    at process.processTicksAndRejections (node:internal/process/task_queues:83:21) {
  errno: -98,
  code: 'EADDRINUSE',
  syscall: 'bind',
  address: null,
  port: 8084
}
Worker 118683 died (code: 1). Restarting...
Worker 118685 died (code: 1). Restarting...
Error: bind EADDRINUSE null:8084
    at listenOnPrimaryHandle (node:net:1989:18)
    at rr (node:internal/cluster/child:163:12)
    at Worker.<anonymous> (node:internal/cluster/child:113:7)
    at process.onInternalMessage (node:internal/cluster/utils:49:5)
    at process.emit (node:events:536:35)
    at emit (node:internal/child_process:950:14)
    at process.processTicksAndRejections (node:internal/process/task_queues:83:21) {
  errno: -98,
  code: 'EADDRINUSE',
  syscall: 'bind',
  address: null,
  port: 8084
}
Error: bind EADDRINUSE null:8084
    at listenOnPrimaryHandle (node:net:1989:18)
    at rr (node:internal/cluster/child:163:12)
    at Worker.<anonymous> (node:internal/cluster/child:113:7)
    at process.onInternalMessage (node:internal/cluster/utils:49:5)
    at process.emit (node:events:536:35)
    at emit (node:internal/child_process:950:14)
    at process.processTicksAndRejections (node:internal/process/task_queues:83:21) {
  errno: -98,
  code: 'EADDRINUSE',
  syscall: 'bind',
  address: null,
  port: 8084
}
Worker 118716 died (code: 1). Restarting...
Worker 118725 died (code: 1). Restarting...
Error: bind EADDRINUSE null:8084
    at listenOnPrimaryHandle (node:net:1989:18)
    at rr (node:internal/cluster/child:163:12)
    at Worker.<anonymous> (node:internal/cluster/child:113:7)
    at process.onInternalMessage (node:internal/cluster/utils:49:5)
    at process.emit (node:events:536:35)
    at emit (node:internal/child_process:950:14)
    at process.processTicksAndRejections (node:internal/process/task_queues:83:21) {
  errno: -98,
  code: 'EADDRINUSE',
  syscall: 'bind',
  address: null,
  port: 8084
}
Worker 118705 died (code: 1). Restarting...
Error: bind EADDRINUSE null:8084
    at listenOnPrimaryHandle (node:net:1989:18)
    at rr (node:internal/cluster/child:163:12)
    at Worker.<anonymous> (node:internal/cluster/child:113:7)
    at process.onInternalMessage (node:internal/cluster/utils:49:5)
    at process.emit (node:events:536:35)
    at emit (node:internal/child_process:950:14)
    at process.processTicksAndRejections (node:internal/process/task_queues:83:21) {
  errno: -98,
  code: 'EADDRINUSE',
  syscall: 'bind',
  address: null,
  port: 8084
}
Worker 118750 died (code: 1). Restarting...
Error: bind EADDRINUSE null:8084
    at listenOnPrimaryHandle (node:net:1989:18)
    at rr (node:internal/cluster/child:163:12)
    at Worker.<anonymous> (node:internal/cluster/child:113:7)
    at process.onInternalMessage (node:internal/cluster/utils:49:5)
    at process.emit (node:events:536:35)
    at emit (node:internal/child_process:950:14)
    at process.processTicksAndRejections (node:internal/process/task_queues:83:21) {
  errno: -98,
  code: 'EADDRINUSE',
  syscall: 'bind',
  address: null,
  port: 8084
}
Worker 118774 died (code: 1). Restarting...
Error: bind EADDRINUSE null:8084
    at listenOnPrimaryHandle (node:net:1989:18)
    at rr (node:internal/cluster/child:163:12)
    at Worker.<anonymous> (node:internal/cluster/child:113:7)
    at process.onInternalMessage (node:internal/cluster/utils:49:5)
    at process.emit (node:events:536:35)
    at emit (node:internal/child_process:950:14)
    at process.processTicksAndRejections (node:internal/process/task_queues:83:21) {
  errno: -98,
  code: 'EADDRINUSE',
  syscall: 'bind',
  address: null,
  port: 8084
}
Worker 118792 died (code: 1). Restarting...
Error: bind EADDRINUSE null:8084
    at listenOnPrimaryHandle (node:net:1989:18)
    at rr (node:internal/cluster/child:163:12)
    at Worker.<anonymous> (node:internal/cluster/child:113:7)
    at process.onInternalMessage (node:internal/cluster/utils:49:5)
    at process.emit (node:events:536:35)
    at emit (node:internal/child_process:950:14)
    at process.processTicksAndRejections (node:internal/process/task_queues:83:21) {
  errno: -98,
  code: 'EADDRINUSE',
  syscall: 'bind',
  address: null,
  port: 8084
}
Worker 118782 died (code: 1). Restarting...
Error: bind EADDRINUSE null:8084
    at listenOnPrimaryHandle (node:net:1989:18)
    at rr (node:internal/cluster/child:163:12)
    at Worker.<anonymous> (node:internal/cluster/child:113:7)
    at process.onInternalMessage (node:internal/cluster/utils:49:5)
    at process.emit (node:events:536:35)
    at emit (node:internal/child_process:950:14)
    at process.processTicksAndRejections (node:internal/process/task_queues:83:21) {
  errno: -98,
  code: 'EADDRINUSE',
  syscall: 'bind',
  address: null,
  port: 8084
}
Worker 118793 died (code: 1). Restarting...
Error: bind EADDRINUSE null:8084
    at listenOnPrimaryHandle (node:net:1989:18)
    at rr (node:internal/cluster/child:163:12)
    at Worker.<anonymous> (node:internal/cluster/child:113:7)
    at process.onInternalMessage (node:internal/cluster/utils:49:5)
    at process.emit (node:events:536:35)
    at emit (node:internal/child_process:950:14)
    at process.processTicksAndRejections (node:internal/process/task_queues:83:21) {
  errno: -98,
  code: 'EADDRINUSE',
  syscall: 'bind',
  address: null,
  port: 8084
}
Worker 118816 died (code: 1). Restarting...
Error: bind EADDRINUSE null:8084
    at listenOnPrimaryHandle (node:net:1989:18)
    at rr (node:internal/cluster/child:163:12)
    at Worker.<anonymous> (node:internal/cluster/child:113:7)
    at process.onInternalMessage (node:internal/cluster/utils:49:5)
    at process.emit (node:events:536:35)
    at emit (node:internal/child_process:950:14)
    at process.processTicksAndRejections (node:internal/process/task_queues:83:21) {
  errno: -98,
  code: 'EADDRINUSE',
  syscall: 'bind',
  address: null,
  port: 8084
}
Error: bind EADDRINUSE null:8084
    at listenOnPrimaryHandle (node:net:1989:18)
    at rr (node:internal/cluster/child:163:12)
    at Worker.<anonymous> (node:internal/cluster/child:113:7)
    at process.onInternalMessage (node:internal/cluster/utils:49:5)
    at process.emit (node:events:536:35)
    at emit (node:internal/child_process:950:14)
    at process.processTicksAndRejections (node:internal/process/task_queues:83:21) {
  errno: -98,
  code: 'EADDRINUSE',
  syscall: 'bind',
  address: null,
  port: 8084
}
Worker 118819 died (code: 1). Restarting...
Worker 118828 died (code: 1). Restarting...
Error: bind EADDRINUSE null:8084
    at listenOnPrimaryHandle (node:net:1989:18)
    at rr (node:internal/cluster/child:163:12)
    at Worker.<anonymous> (node:internal/cluster/child:113:7)
    at process.onInternalMessage (node:internal/cluster/utils:49:5)
    at process.emit (node:events:536:35)
    at emit (node:internal/child_process:950:14)
    at process.processTicksAndRejections (node:internal/process/task_queues:83:21) {
  errno: -98,
  code: 'EADDRINUSE',
  syscall: 'bind',
  address: null,
  port: 8084
}
Worker 118859 died (code: 1). Restarting...
Error: bind EADDRINUSE null:8084
    at listenOnPrimaryHandle (node:net:1989:18)
    at rr (node:internal/cluster/child:163:12)
    at Worker.<anonymous> (node:internal/cluster/child:113:7)
    at process.onInternalMessage (node:internal/cluster/utils:49:5)
    at process.emit (node:events:536:35)
    at emit (node:internal/child_process:950:14)
    at process.processTicksAndRejections (node:internal/process/task_queues:83:21) {
  errno: -98,
  code: 'EADDRINUSE',
  syscall: 'bind',
  address: null,
  port: 8084
}
Worker 118890 died (code: 1). Restarting...
Error: bind EADDRINUSE null:8084
    at listenOnPrimaryHandle (node:net:1989:18)
    at rr (node:internal/cluster/child:163:12)
    at Worker.<anonymous> (node:internal/cluster/child:113:7)
    at process.onInternalMessage (node:internal/cluster/utils:49:5)
    at process.emit (node:events:536:35)
    at emit (node:internal/child_process:950:14)
    at process.processTicksAndRejections (node:internal/process/task_queues:83:21) {
  errno: -98,
  code: 'EADDRINUSE',
  syscall: 'bind',
  address: null,
  port: 8084
}
Worker 118875 died (code: 1). Restarting...
Error: bind EADDRINUSE null:8084
    at listenOnPrimaryHandle (node:net:1989:18)
    at rr (node:internal/cluster/child:163:12)
    at Worker.<anonymous> (node:internal/cluster/child:113:7)
    at process.onInternalMessage (node:internal/cluster/utils:49:5)
    at process.emit (node:events:536:35)
    at emit (node:internal/child_process:950:14)
    at process.processTicksAndRejections (node:internal/process/task_queues:83:21) {
  errno: -98,
  code: 'EADDRINUSE',
  syscall: 'bind',
  address: null,
  port: 8084
}
Worker 118898 died (code: 1). Restarting...
Error: bind EADDRINUSE null:8084
    at listenOnPrimaryHandle (node:net:1989:18)
    at rr (node:internal/cluster/child:163:12)
    at Worker.<anonymous> (node:internal/cluster/child:113:7)
    at process.onInternalMessage (node:internal/cluster/utils:49:5)
    at process.emit (node:events:536:35)
    at emit (node:internal/child_process:950:14)
    at process.processTicksAndRejections (node:internal/process/task_queues:83:21) {
  errno: -98,
  code: 'EADDRINUSE',
  syscall: 'bind',
  address: null,
  port: 8084
}
Worker 118919 died (code: 1). Restarting...
Error: bind EADDRINUSE null:8084
    at listenOnPrimaryHandle (node:net:1989:18)
    at rr (node:internal/cluster/child:163:12)
    at Worker.<anonymous> (node:internal/cluster/child:113:7)
    at process.onInternalMessage (node:internal/cluster/utils:49:5)
    at process.emit (node:events:536:35)
    at emit (node:internal/child_process:950:14)
    at process.processTicksAndRejections (node:internal/process/task_queues:83:21) {
  errno: -98,
  code: 'EADDRINUSE',
  syscall: 'bind',
  address: null,
  port: 8084
}
Error: bind EADDRINUSE null:8084
    at listenOnPrimaryHandle (node:net:1989:18)
    at rr (node:internal/cluster/child:163:12)
    at Worker.<anonymous> (node:internal/cluster/child:113:7)
    at process.onInternalMessage (node:internal/cluster/utils:49:5)
    at process.emit (node:events:536:35)
    at emit (node:internal/child_process:950:14)
    at process.processTicksAndRejections (node:internal/process/task_queues:83:21) {
  errno: -98,
  code: 'EADDRINUSE',
  syscall: 'bind',
  address: null,
  port: 8084
}
Worker 118908 died (code: 1). Restarting...
Error: bind EADDRINUSE null:8084
    at listenOnPrimaryHandle (node:net:1989:18)
    at rr (node:internal/cluster/child:163:12)
    at Worker.<anonymous> (node:internal/cluster/child:113:7)
    at process.onInternalMessage (node:internal/cluster/utils:49:5)
    at process.emit (node:events:536:35)
    at emit (node:internal/child_process:950:14)
    at process.processTicksAndRejections (node:internal/process/task_queues:83:21) {
  errno: -98,
  code: 'EADDRINUSE',
  syscall: 'bind',
  address: null,
  port: 8084
}
Worker 118936 died (code: 1). Restarting...
Worker 118938 died (code: 1). Restarting...
Error: bind EADDRINUSE null:8084
    at listenOnPrimaryHandle (node:net:1989:18)
    at rr (node:internal/cluster/child:163:12)
    at Worker.<anonymous> (node:internal/cluster/child:113:7)
    at process.onInternalMessage (node:internal/cluster/utils:49:5)
    at process.emit (node:events:536:35)
    at emit (node:internal/child_process:950:14)
    at process.processTicksAndRejections (node:internal/process/task_queues:83:21) {
  errno: -98,
  code: 'EADDRINUSE',
  syscall: 'bind',
  address: null,
  port: 8084
}
Worker 118964 died (code: 1). Restarting...
Error: bind EADDRINUSE null:8084
    at listenOnPrimaryHandle (node:net:1989:18)
    at rr (node:internal/cluster/child:163:12)
    at Worker.<anonymous> (node:internal/cluster/child:113:7)
    at process.onInternalMessage (node:internal/cluster/utils:49:5)
    at process.emit (node:events:536:35)
    at emit (node:internal/child_process:950:14)
    at process.processTicksAndRejections (node:internal/process/task_queues:83:21) {
  errno: -98,
  code: 'EADDRINUSE',
  syscall: 'bind',
  address: null,
  port: 8084
}
Worker 118998 died (code: 1). Restarting...
Error: bind EADDRINUSE null:8084
    at listenOnPrimaryHandle (node:net:1989:18)
    at rr (node:internal/cluster/child:163:12)
    at Worker.<anonymous> (node:internal/cluster/child:113:7)
    at process.onInternalMessage (node:internal/cluster/utils:49:5)
    at process.emit (node:events:536:35)
    at emit (node:internal/child_process:950:14)
    at process.processTicksAndRejections (node:internal/process/task_queues:83:21) {
  errno: -98,
  code: 'EADDRINUSE',
  syscall: 'bind',
  address: null,
  port: 8084
}
Error: bind EADDRINUSE null:8084
    at listenOnPrimaryHandle (node:net:1989:18)
    at rr (node:internal/cluster/child:163:12)
    at Worker.<anonymous> (node:internal/cluster/child:113:7)
    at process.onInternalMessage (node:internal/cluster/utils:49:5)
    at process.emit (node:events:536:35)
    at emit (node:internal/child_process:950:14)
    at process.processTicksAndRejections (node:internal/process/task_queues:83:21) {
  errno: -98,
  code: 'EADDRINUSE',
  syscall: 'bind',
  address: null,
  port: 8084
}
Worker 119017 died (code: 1). Restarting...
Worker 118992 died (code: 1). Restarting...
Error: bind EADDRINUSE null:8084
    at listenOnPrimaryHandle (node:net:1989:18)
    at rr (node:internal/cluster/child:163:12)
    at Worker.<anonymous> (node:internal/cluster/child:113:7)
    at process.onInternalMessage (node:internal/cluster/utils:49:5)
    at process.emit (node:events:536:35)
    at emit (node:internal/child_process:950:14)
    at process.processTicksAndRejections (node:internal/process/task_queues:83:21) {
  errno: -98,
  code: 'EADDRINUSE',
  syscall: 'bind',
  address: null,
  port: 8084
}
Worker 119014 died (code: 1). Restarting...
Error: bind EADDRINUSE null:8084
    at listenOnPrimaryHandle (node:net:1989:18)
    at rr (node:internal/cluster/child:163:12)
    at Worker.<anonymous> (node:internal/cluster/child:113:7)
    at process.onInternalMessage (node:internal/cluster/utils:49:5)
    at process.emit (node:events:536:35)
    at emit (node:internal/child_process:950:14)
    at process.processTicksAndRejections (node:internal/process/task_queues:83:21) {
  errno: -98,
  code: 'EADDRINUSE',
  syscall: 'bind',
  address: null,
  port: 8084
}
Error: bind EADDRINUSE null:8084
    at listenOnPrimaryHandle (node:net:1989:18)
    at rr (node:internal/cluster/child:163:12)
    at Worker.<anonymous> (node:internal/cluster/child:113:7)
    at process.onInternalMessage (node:internal/cluster/utils:49:5)
    at process.emit (node:events:536:35)
    at emit (node:internal/child_process:950:14)
    at process.processTicksAndRejections (node:internal/process/task_queues:83:21) {
  errno: -98,
  code: 'EADDRINUSE',
  syscall: 'bind',
  address: null,
  port: 8084
}
Worker 119046 died (code: 1). Restarting...
Worker 119035 died (code: 1). Restarting...
Error: bind EADDRINUSE null:8084
    at listenOnPrimaryHandle (node:net:1989:18)
    at rr (node:internal/cluster/child:163:12)
    at Worker.<anonymous> (node:internal/cluster/child:113:7)
    at process.onInternalMessage (node:internal/cluster/utils:49:5)
    at process.emit (node:events:536:35)
    at emit (node:internal/child_process:950:14)
    at process.processTicksAndRejections (node:internal/process/task_queues:83:21) {
  errno: -98,
  code: 'EADDRINUSE',
  syscall: 'bind',
  address: null,
  port: 8084
}
Worker 119034 died (code: 1). Restarting...
Error: bind EADDRINUSE null:8084
    at listenOnPrimaryHandle (node:net:1989:18)
    at rr (node:internal/cluster/child:163:12)
    at Worker.<anonymous> (node:internal/cluster/child:113:7)
    at process.onInternalMessage (node:internal/cluster/utils:49:5)
    at process.emit (node:events:536:35)
    at emit (node:internal/child_process:950:14)
    at process.processTicksAndRejections (node:internal/process/task_queues:83:21) {
  errno: -98,
  code: 'EADDRINUSE',
  syscall: 'bind',
  address: null,
  port: 8084
}
Worker 119072 died (code: 1). Restarting...
Error: bind EADDRINUSE null:8084
    at listenOnPrimaryHandle (node:net:1989:18)
    at rr (node:internal/cluster/child:163:12)
    at Worker.<anonymous> (node:internal/cluster/child:113:7)
    at process.onInternalMessage (node:internal/cluster/utils:49:5)
    at process.emit (node:events:536:35)
    at emit (node:internal/child_process:950:14)
    at process.processTicksAndRejections (node:internal/process/task_queues:83:21) {
  errno: -98,
  code: 'EADDRINUSE',
  syscall: 'bind',
  address: null,
  port: 8084
}
Error: bind EADDRINUSE null:8084
    at listenOnPrimaryHandle (node:net:1989:18)
    at rr (node:internal/cluster/child:163:12)
    at Worker.<anonymous> (node:internal/cluster/child:113:7)
    at process.onInternalMessage (node:internal/cluster/utils:49:5)
    at process.emit (node:events:536:35)
    at emit (node:internal/child_process:950:14)
    at process.processTicksAndRejections (node:internal/process/task_queues:83:21) {
  errno: -98,
  code: 'EADDRINUSE',
  syscall: 'bind',
  address: null,
  port: 8084
}
Worker 119115 died (code: 1). Restarting...
Error: bind EADDRINUSE null:8084
    at listenOnPrimaryHandle (node:net:1989:18)
    at rr (node:internal/cluster/child:163:12)
    at Worker.<anonymous> (node:internal/cluster/child:113:7)
    at process.onInternalMessage (node:internal/cluster/utils:49:5)
    at process.emit (node:events:536:35)
    at emit (node:internal/child_process:950:14)
    at process.processTicksAndRejections (node:internal/process/task_queues:83:21) {
  errno: -98,
  code: 'EADDRINUSE',
  syscall: 'bind',
  address: null,
  port: 8084
}
Error: bind EADDRINUSE null:8084
    at listenOnPrimaryHandle (node:net:1989:18)
    at rr (node:internal/cluster/child:163:12)
    at Worker.<anonymous> (node:internal/cluster/child:113:7)
    at process.onInternalMessage (node:internal/cluster/utils:49:5)
    at process.emit (node:events:536:35)
    at emit (node:internal/child_process:950:14)
    at process.processTicksAndRejections (node:internal/process/task_queues:83:21) {
  errno: -98,
  code: 'EADDRINUSE',
  syscall: 'bind',
  address: null,
  port: 8084
}
Worker 119111 died (code: 1). Restarting...
Worker 119101 died (code: 1). Restarting...
Worker 119142 died (code: 1). Restarting...
Error: bind EADDRINUSE null:8084
    at listenOnPrimaryHandle (node:net:1989:18)
    at rr (node:internal/cluster/child:163:12)
    at Worker.<anonymous> (node:internal/cluster/child:113:7)
    at process.onInternalMessage (node:internal/cluster/utils:49:5)
    at process.emit (node:events:536:35)
    at emit (node:internal/child_process:950:14)
    at process.processTicksAndRejections (node:internal/process/task_queues:83:21) {
  errno: -98,
  code: 'EADDRINUSE',
  syscall: 'bind',
  address: null,
  port: 8084
}
Worker 119140 died (code: 1). Restarting...
Error: bind EADDRINUSE null:8084
    at listenOnPrimaryHandle (node:net:1989:18)
    at rr (node:internal/cluster/child:163:12)
    at Worker.<anonymous> (node:internal/cluster/child:113:7)
    at process.onInternalMessage (node:internal/cluster/utils:49:5)
    at process.emit (node:events:536:35)
    at emit (node:internal/child_process:950:14)
    at process.processTicksAndRejections (node:internal/process/task_queues:83:21) {
  errno: -98,
  code: 'EADDRINUSE',
  syscall: 'bind',
  address: null,
  port: 8084
}
Error: bind EADDRINUSE null:8084
    at listenOnPrimaryHandle (node:net:1989:18)
    at rr (node:internal/cluster/child:163:12)
    at Worker.<anonymous> (node:internal/cluster/child:113:7)
    at process.onInternalMessage (node:internal/cluster/utils:49:5)
    at process.emit (node:events:536:35)
    at emit (node:internal/child_process:950:14)
    at process.processTicksAndRejections (node:internal/process/task_queues:83:21) {
  errno: -98,
  code: 'EADDRINUSE',
  syscall: 'bind',
  address: null,
  port: 8084
}
Worker 119129 died (code: 1). Restarting...
Worker 119149 died (code: 1). Restarting...
Error: bind EADDRINUSE null:8084
    at listenOnPrimaryHandle (node:net:1989:18)
    at rr (node:internal/cluster/child:163:12)
    at Worker.<anonymous> (node:internal/cluster/child:113:7)
    at process.onInternalMessage (node:internal/cluster/utils:49:5)
    at process.emit (node:events:536:35)
    at emit (node:internal/child_process:950:14)
    at process.processTicksAndRejections (node:internal/process/task_queues:83:21) {
  errno: -98,
  code: 'EADDRINUSE',
  syscall: 'bind',
  address: null,
  port: 8084
}
Worker 119188 died (code: 1). Restarting...
Error: bind EADDRINUSE null:8084
    at listenOnPrimaryHandle (node:net:1989:18)
    at rr (node:internal/cluster/child:163:12)
    at Worker.<anonymous> (node:internal/cluster/child:113:7)
    at process.onInternalMessage (node:internal/cluster/utils:49:5)
    at process.emit (node:events:536:35)
    at emit (node:internal/child_process:950:14)
    at process.processTicksAndRejections (node:internal/process/task_queues:83:21) {
  errno: -98,
  code: 'EADDRINUSE',
  syscall: 'bind',
  address: null,
  port: 8084
}
Error: bind EADDRINUSE null:8084
    at listenOnPrimaryHandle (node:net:1989:18)
    at rr (node:internal/cluster/child:163:12)
    at Worker.<anonymous> (node:internal/cluster/child:113:7)
    at process.onInternalMessage (node:internal/cluster/utils:49:5)
    at process.emit (node:events:536:35)
    at emit (node:internal/child_process:950:14)
    at process.processTicksAndRejections (node:internal/process/task_queues:83:21) {
  errno: -98,
  code: 'EADDRINUSE',
  syscall: 'bind',
  address: null,
  port: 8084
}
Error: bind EADDRINUSE null:8084
    at listenOnPrimaryHandle (node:net:1989:18)
    at rr (node:internal/cluster/child:163:12)
    at Worker.<anonymous> (node:internal/cluster/child:113:7)
    at process.onInternalMessage (node:internal/cluster/utils:49:5)
    at process.emit (node:events:536:35)
    at emit (node:internal/child_process:950:14)
    at process.processTicksAndRejections (node:internal/process/task_queues:83:21) {
  errno: -98,
  code: 'EADDRINUSE',
  syscall: 'bind',
  address: null,
  port: 8084
}
Worker 119213 died (code: 1). Restarting...
Worker 119214 died (code: 1). Restarting...
Worker 119220 died (code: 1). Restarting...
Error: bind EADDRINUSE null:8084
    at listenOnPrimaryHandle (node:net:1989:18)
    at rr (node:internal/cluster/child:163:12)
    at Worker.<anonymous> (node:internal/cluster/child:113:7)
    at process.onInternalMessage (node:internal/cluster/utils:49:5)
    at process.emit (node:events:536:35)
    at emit (node:internal/child_process:950:14)
    at process.processTicksAndRejections (node:internal/process/task_queues:83:21) {
  errno: -98,
  code: 'EADDRINUSE',
  syscall: 'bind',
  address: null,
  port: 8084
}
Worker 119253 died (code: 1). Restarting...
Error: bind EADDRINUSE null:8084
    at listenOnPrimaryHandle (node:net:1989:18)
    at rr (node:internal/cluster/child:163:12)
    at Worker.<anonymous> (node:internal/cluster/child:113:7)
    at process.onInternalMessage (node:internal/cluster/utils:49:5)
    at process.emit (node:events:536:35)
    at emit (node:internal/child_process:950:14)
    at process.processTicksAndRejections (node:internal/process/task_queues:83:21) {
  errno: -98,
  code: 'EADDRINUSE',
  syscall: 'bind',
  address: null,
  port: 8084
}
Worker 119238 died (code: 1). Restarting...
Error: bind EADDRINUSE null:8084
    at listenOnPrimaryHandle (node:net:1989:18)
    at rr (node:internal/cluster/child:163:12)
    at Worker.<anonymous> (node:internal/cluster/child:113:7)
    at process.onInternalMessage (node:internal/cluster/utils:49:5)
    at process.emit (node:events:536:35)
    at emit (node:internal/child_process:950:14)
    at process.processTicksAndRejections (node:internal/process/task_queues:83:21) {
  errno: -98,
  code: 'EADDRINUSE',
  syscall: 'bind',
  address: null,
  port: 8084
}
Worker 119221 died (code: 1). Restarting...
Error: bind EADDRINUSE null:8084
    at listenOnPrimaryHandle (node:net:1989:18)
    at rr (node:internal/cluster/child:163:12)
    at Worker.<anonymous> (node:internal/cluster/child:113:7)
    at process.onInternalMessage (node:internal/cluster/utils:49:5)
    at process.emit (node:events:536:35)
    at emit (node:internal/child_process:950:14)
    at process.processTicksAndRejections (node:internal/process/task_queues:83:21) {
  errno: -98,
  code: 'EADDRINUSE',
  syscall: 'bind',
  address: null,
  port: 8084
}
Worker 119254 died (code: 1). Restarting...
Error: bind EADDRINUSE null:8084
    at listenOnPrimaryHandle (node:net:1989:18)
    at rr (node:internal/cluster/child:163:12)
    at Worker.<anonymous> (node:internal/cluster/child:113:7)
    at process.onInternalMessage (node:internal/cluster/utils:49:5)
    at process.emit (node:events:536:35)
    at emit (node:internal/child_process:950:14)
    at process.processTicksAndRejections (node:internal/process/task_queues:83:21) {
  errno: -98,
  code: 'EADDRINUSE',
  syscall: 'bind',
  address: null,
  port: 8084
}
Worker 119309 died (code: 1). Restarting...
Error: bind EADDRINUSE null:8084
    at listenOnPrimaryHandle (node:net:1989:18)
    at rr (node:internal/cluster/child:163:12)
    at Worker.<anonymous> (node:internal/cluster/child:113:7)
    at process.onInternalMessage (node:internal/cluster/utils:49:5)
    at process.emit (node:events:536:35)
    at emit (node:internal/child_process:950:14)
    at process.processTicksAndRejections (node:internal/process/task_queues:83:21) {
  errno: -98,
  code: 'EADDRINUSE',
  syscall: 'bind',
  address: null,
  port: 8084
}
Error: bind EADDRINUSE null:8084
    at listenOnPrimaryHandle (node:net:1989:18)
    at rr (node:internal/cluster/child:163:12)
    at Worker.<anonymous> (node:internal/cluster/child:113:7)
    at process.onInternalMessage (node:internal/cluster/utils:49:5)
    at process.emit (node:events:536:35)
    at emit (node:internal/child_process:950:14)
    at process.processTicksAndRejections (node:internal/process/task_queues:83:21) {
  errno: -98,
  code: 'EADDRINUSE',
  syscall: 'bind',
  address: null,
  port: 8084
}
Worker 119317 died (code: 1). Restarting...
Worker 119322 died (code: 1). Restarting...
Error: bind EADDRINUSE null:8084
    at listenOnPrimaryHandle (node:net:1989:18)
    at rr (node:internal/cluster/child:163:12)
    at Worker.<anonymous> (node:internal/cluster/child:113:7)
    at process.onInternalMessage (node:internal/cluster/utils:49:5)
    at process.emit (node:events:536:35)
    at emit (node:internal/child_process:950:14)
    at process.processTicksAndRejections (node:internal/process/task_queues:83:21) {
  errno: -98,
  code: 'EADDRINUSE',
  syscall: 'bind',
  address: null,
  port: 8084
}
Error: bind EADDRINUSE null:8084
    at listenOnPrimaryHandle (node:net:1989:18)
    at rr (node:internal/cluster/child:163:12)
    at Worker.<anonymous> (node:internal/cluster/child:113:7)
    at process.onInternalMessage (node:internal/cluster/utils:49:5)
    at process.emit (node:events:536:35)
    at emit (node:internal/child_process:950:14)
    at process.processTicksAndRejections (node:internal/process/task_queues:83:21) {
  errno: -98,
  code: 'EADDRINUSE',
  syscall: 'bind',
  address: null,
  port: 8084
}
Worker 119342 died (code: 1). Restarting...
Worker 119324 died (code: 1). Restarting...
Error: bind EADDRINUSE null:8084
    at listenOnPrimaryHandle (node:net:1989:18)
    at rr (node:internal/cluster/child:163:12)
    at Worker.<anonymous> (node:internal/cluster/child:113:7)
    at process.onInternalMessage (node:internal/cluster/utils:49:5)
    at process.emit (node:events:536:35)
    at emit (node:internal/child_process:950:14)
    at process.processTicksAndRejections (node:internal/process/task_queues:83:21) {
  errno: -98,
  code: 'EADDRINUSE',
  syscall: 'bind',
  address: null,
  port: 8084
}
Worker 119352 died (code: 1). Restarting...
Error: bind EADDRINUSE null:8084
    at listenOnPrimaryHandle (node:net:1989:18)
    at rr (node:internal/cluster/child:163:12)
    at Worker.<anonymous> (node:internal/cluster/child:113:7)
    at process.onInternalMessage (node:internal/cluster/utils:49:5)
    at process.emit (node:events:536:35)
    at emit (node:internal/child_process:950:14)
    at process.processTicksAndRejections (node:internal/process/task_queues:83:21) {
  errno: -98,
  code: 'EADDRINUSE',
  syscall: 'bind',
  address: null,
  port: 8084
}
Worker 119355 died (code: 1). Restarting...
Error: bind EADDRINUSE null:8084
    at listenOnPrimaryHandle (node:net:1989:18)
    at rr (node:internal/cluster/child:163:12)
    at Worker.<anonymous> (node:internal/cluster/child:113:7)
    at process.onInternalMessage (node:internal/cluster/utils:49:5)
    at process.emit (node:events:536:35)
    at emit (node:internal/child_process:950:14)
    at process.processTicksAndRejections (node:internal/process/task_queues:83:21) {
  errno: -98,
  code: 'EADDRINUSE',
  syscall: 'bind',
  address: null,
  port: 8084
}
Worker 119371 died (code: 1). Restarting...
Error: bind EADDRINUSE null:8084
    at listenOnPrimaryHandle (node:net:1989:18)
    at rr (node:internal/cluster/child:163:12)
    at Worker.<anonymous> (node:internal/cluster/child:113:7)
    at process.onInternalMessage (node:internal/cluster/utils:49:5)
    at process.emit (node:events:536:35)
    at emit (node:internal/child_process:950:14)
    at process.processTicksAndRejections (node:internal/process/task_queues:83:21) {
  errno: -98,
  code: 'EADDRINUSE',
  syscall: 'bind',
  address: null,
  port: 8084
}
Worker 119408 died (code: 1). Restarting...
Error: bind EADDRINUSE null:8084
    at listenOnPrimaryHandle (node:net:1989:18)
    at rr (node:internal/cluster/child:163:12)
    at Worker.<anonymous> (node:internal/cluster/child:113:7)
    at process.onInternalMessage (node:internal/cluster/utils:49:5)
    at process.emit (node:events:536:35)
    at emit (node:internal/child_process:950:14)
    at process.processTicksAndRejections (node:internal/process/task_queues:83:21) {
  errno: -98,
  code: 'EADDRINUSE',
  syscall: 'bind',
  address: null,
  port: 8084
}
Worker 119425 died (code: 1). Restarting...
Error: bind EADDRINUSE null:8084
    at listenOnPrimaryHandle (node:net:1989:18)
    at rr (node:internal/cluster/child:163:12)
    at Worker.<anonymous> (node:internal/cluster/child:113:7)
    at process.onInternalMessage (node:internal/cluster/utils:49:5)
    at process.emit (node:events:536:35)
    at emit (node:internal/child_process:950:14)
    at process.processTicksAndRejections (node:internal/process/task_queues:83:21) {
  errno: -98,
  code: 'EADDRINUSE',
  syscall: 'bind',
  address: null,
  port: 8084
}
Worker 119426 died (code: 1). Restarting...
Error: bind EADDRINUSE null:8084
    at listenOnPrimaryHandle (node:net:1989:18)
    at rr (node:internal/cluster/child:163:12)
    at Worker.<anonymous> (node:internal/cluster/child:113:7)
    at process.onInternalMessage (node:internal/cluster/utils:49:5)
    at process.emit (node:events:536:35)
    at emit (node:internal/child_process:950:14)
    at process.processTicksAndRejections (node:internal/process/task_queues:83:21) {
  errno: -98,
  code: 'EADDRINUSE',
  syscall: 'bind',
  address: null,
  port: 8084
}
Worker 119437 died (code: 1). Restarting...
Error: bind EADDRINUSE null:8084
    at listenOnPrimaryHandle (node:net:1989:18)
    at rr (node:internal/cluster/child:163:12)
    at Worker.<anonymous> (node:internal/cluster/child:113:7)
    at process.onInternalMessage (node:internal/cluster/utils:49:5)
    at process.emit (node:events:536:35)
    at emit (node:internal/child_process:950:14)
    at process.processTicksAndRejections (node:internal/process/task_queues:83:21) {
  errno: -98,
  code: 'EADDRINUSE',
  syscall: 'bind',
  address: null,
  port: 8084
}
Error: bind EADDRINUSE null:8084
    at listenOnPrimaryHandle (node:net:1989:18)
    at rr (node:internal/cluster/child:163:12)
    at Worker.<anonymous> (node:internal/cluster/child:113:7)
    at process.onInternalMessage (node:internal/cluster/utils:49:5)
    at process.emit (node:events:536:35)
    at emit (node:internal/child_process:950:14)
    at process.processTicksAndRejections (node:internal/process/task_queues:83:21) {
  errno: -98,
  code: 'EADDRINUSE',
  syscall: 'bind',
  address: null,
  port: 8084
}
Worker 119443 died (code: 1). Restarting...
Worker 119452 died (code: 1). Restarting...
Error: bind EADDRINUSE null:8084
    at listenOnPrimaryHandle (node:net:1989:18)
    at rr (node:internal/cluster/child:163:12)
    at Worker.<anonymous> (node:internal/cluster/child:113:7)
    at process.onInternalMessage (node:internal/cluster/utils:49:5)
    at process.emit (node:events:536:35)
    at emit (node:internal/child_process:950:14)
    at process.processTicksAndRejections (node:internal/process/task_queues:83:21) {
  errno: -98,
  code: 'EADDRINUSE',
  syscall: 'bind',
  address: null,
  port: 8084
}
Worker 119469 died (code: 1). Restarting...
Error: bind EADDRINUSE null:8084
    at listenOnPrimaryHandle (node:net:1989:18)
    at rr (node:internal/cluster/child:163:12)
    at Worker.<anonymous> (node:internal/cluster/child:113:7)
    at process.onInternalMessage (node:internal/cluster/utils:49:5)
    at process.emit (node:events:536:35)
    at emit (node:internal/child_process:950:14)
    at process.processTicksAndRejections (node:internal/process/task_queues:83:21) {
  errno: -98,
  code: 'EADDRINUSE',
  syscall: 'bind',
  address: null,
  port: 8084
}
Worker 119475 died (code: 1). Restarting...
Error: bind EADDRINUSE null:8084
    at listenOnPrimaryHandle (node:net:1989:18)
    at rr (node:internal/cluster/child:163:12)
    at Worker.<anonymous> (node:internal/cluster/child:113:7)
    at process.onInternalMessage (node:internal/cluster/utils:49:5)
    at process.emit (node:events:536:35)
    at emit (node:internal/child_process:950:14)
    at process.processTicksAndRejections (node:internal/process/task_queues:83:21) {
  errno: -98,
  code: 'EADDRINUSE',
  syscall: 'bind',
  address: null,
  port: 8084
}
Worker 119529 died (code: 1). Restarting...
Error: bind EADDRINUSE null:8084
    at listenOnPrimaryHandle (node:net:1989:18)
    at rr (node:internal/cluster/child:163:12)
    at Worker.<anonymous> (node:internal/cluster/child:113:7)
    at process.onInternalMessage (node:internal/cluster/utils:49:5)
    at process.emit (node:events:536:35)
    at emit (node:internal/child_process:950:14)
    at process.processTicksAndRejections (node:internal/process/task_queues:83:21) {
  errno: -98,
  code: 'EADDRINUSE',
  syscall: 'bind',
  address: null,
  port: 8084
}
Worker 119519 died (code: 1). Restarting...
Error: bind EADDRINUSE null:8084
    at listenOnPrimaryHandle (node:net:1989:18)
    at rr (node:internal/cluster/child:163:12)
    at Worker.<anonymous> (node:internal/cluster/child:113:7)
    at process.onInternalMessage (node:internal/cluster/utils:49:5)
    at process.emit (node:events:536:35)
    at emit (node:internal/child_process:950:14)
    at process.processTicksAndRejections (node:internal/process/task_queues:83:21) {
  errno: -98,
  code: 'EADDRINUSE',
  syscall: 'bind',
  address: null,
  port: 8084
}
Error: bind EADDRINUSE null:8084
    at listenOnPrimaryHandle (node:net:1989:18)
    at rr (node:internal/cluster/child:163:12)
    at Worker.<anonymous> (node:internal/cluster/child:113:7)
    at process.onInternalMessage (node:internal/cluster/utils:49:5)
    at process.emit (node:events:536:35)
    at emit (node:internal/child_process:950:14)
    at process.processTicksAndRejections (node:internal/process/task_queues:83:21) {
  errno: -98,
  code: 'EADDRINUSE',
  syscall: 'bind',
  address: null,
  port: 8084
}
Worker 119536 died (code: 1). Restarting...
Worker 119553 died (code: 1). Restarting...
Error: bind EADDRINUSE null:8084
    at listenOnPrimaryHandle (node:net:1989:18)
    at rr (node:internal/cluster/child:163:12)
    at Worker.<anonymous> (node:internal/cluster/child:113:7)
    at process.onInternalMessage (node:internal/cluster/utils:49:5)
    at process.emit (node:events:536:35)
    at emit (node:internal/child_process:950:14)
    at process.processTicksAndRejections (node:internal/process/task_queues:83:21) {
  errno: -98,
  code: 'EADDRINUSE',
  syscall: 'bind',
  address: null,
  port: 8084
}
Error: bind EADDRINUSE null:8084
    at listenOnPrimaryHandle (node:net:1989:18)
    at rr (node:internal/cluster/child:163:12)
    at Worker.<anonymous> (node:internal/cluster/child:113:7)
    at process.onInternalMessage (node:internal/cluster/utils:49:5)
    at process.emit (node:events:536:35)
    at emit (node:internal/child_process:950:14)
    at process.processTicksAndRejections (node:internal/process/task_queues:83:21) {
  errno: -98,
  code: 'EADDRINUSE',
  syscall: 'bind',
  address: null,
  port: 8084
}
Worker 119556 died (code: 1). Restarting...
Worker 119542 died (code: 1). Restarting...
Error: bind EADDRINUSE null:8084
    at listenOnPrimaryHandle (node:net:1989:18)
    at rr (node:internal/cluster/child:163:12)
    at Worker.<anonymous> (node:internal/cluster/child:113:7)
    at process.onInternalMessage (node:internal/cluster/utils:49:5)
    at process.emit (node:events:536:35)
    at emit (node:internal/child_process:950:14)
    at process.processTicksAndRejections (node:internal/process/task_queues:83:21) {
  errno: -98,
  code: 'EADDRINUSE',
  syscall: 'bind',
  address: null,
  port: 8084
}
Worker 119576 died (code: 1). Restarting...
Error: bind EADDRINUSE null:8084
    at listenOnPrimaryHandle (node:net:1989:18)
    at rr (node:internal/cluster/child:163:12)
    at Worker.<anonymous> (node:internal/cluster/child:113:7)
    at process.onInternalMessage (node:internal/cluster/utils:49:5)
    at process.emit (node:events:536:35)
    at emit (node:internal/child_process:950:14)
    at process.processTicksAndRejections (node:internal/process/task_queues:83:21) {
  errno: -98,
  code: 'EADDRINUSE',
  syscall: 'bind',
  address: null,
  port: 8084
}
Worker 119589 died (code: 1). Restarting...
Error: bind EADDRINUSE null:8084
    at listenOnPrimaryHandle (node:net:1989:18)
    at rr (node:internal/cluster/child:163:12)
    at Worker.<anonymous> (node:internal/cluster/child:113:7)
    at process.onInternalMessage (node:internal/cluster/utils:49:5)
    at process.emit (node:events:536:35)
    at emit (node:internal/child_process:950:14)
    at process.processTicksAndRejections (node:internal/process/task_queues:83:21) {
  errno: -98,
  code: 'EADDRINUSE',
  syscall: 'bind',
  address: null,
  port: 8084
}
Worker 119631 died (code: 1). Restarting...
Error: bind EADDRINUSE null:8084
    at listenOnPrimaryHandle (node:net:1989:18)
    at rr (node:internal/cluster/child:163:12)
    at Worker.<anonymous> (node:internal/cluster/child:113:7)
    at process.onInternalMessage (node:internal/cluster/utils:49:5)
    at process.emit (node:events:536:35)
    at emit (node:internal/child_process:950:14)
    at process.processTicksAndRejections (node:internal/process/task_queues:83:21) {
  errno: -98,
  code: 'EADDRINUSE',
  syscall: 'bind',
  address: null,
  port: 8084
}
Worker 119630 died (code: 1). Restarting...
Error: bind EADDRINUSE null:8084
    at listenOnPrimaryHandle (node:net:1989:18)
    at rr (node:internal/cluster/child:163:12)
    at Worker.<anonymous> (node:internal/cluster/child:113:7)
    at process.onInternalMessage (node:internal/cluster/utils:49:5)
    at process.emit (node:events:536:35)
    at emit (node:internal/child_process:950:14)
    at process.processTicksAndRejections (node:internal/process/task_queues:83:21) {
  errno: -98,
  code: 'EADDRINUSE',
  syscall: 'bind',
  address: null,
  port: 8084
}
Worker 119661 died (code: 1). Restarting...
Error: bind EADDRINUSE null:8084
    at listenOnPrimaryHandle (node:net:1989:18)
    at rr (node:internal/cluster/child:163:12)
    at Worker.<anonymous> (node:internal/cluster/child:113:7)
    at process.onInternalMessage (node:internal/cluster/utils:49:5)
    at process.emit (node:events:536:35)
    at emit (node:internal/child_process:950:14)
    at process.processTicksAndRejections (node:internal/process/task_queues:83:21) {
  errno: -98,
  code: 'EADDRINUSE',
  syscall: 'bind',
  address: null,
  port: 8084
}
Worker 119662 died (code: 1). Restarting...
Error: bind EADDRINUSE null:8084
    at listenOnPrimaryHandle (node:net:1989:18)
    at rr (node:internal/cluster/child:163:12)
    at Worker.<anonymous> (node:internal/cluster/child:113:7)
    at process.onInternalMessage (node:internal/cluster/utils:49:5)
    at process.emit (node:events:536:35)
    at emit (node:internal/child_process:950:14)
    at process.processTicksAndRejections (node:internal/process/task_queues:83:21) {
  errno: -98,
  code: 'EADDRINUSE',
  syscall: 'bind',
  address: null,
  port: 8084
}
Error: bind EADDRINUSE null:8084
    at listenOnPrimaryHandle (node:net:1989:18)
    at rr (node:internal/cluster/child:163:12)
    at Worker.<anonymous> (node:internal/cluster/child:113:7)
    at process.onInternalMessage (node:internal/cluster/utils:49:5)
    at process.emit (node:events:536:35)
    at emit (node:internal/child_process:950:14)
    at process.processTicksAndRejections (node:internal/process/task_queues:83:21) {
  errno: -98,
  code: 'EADDRINUSE',
  syscall: 'bind',
  address: null,
  port: 8084
}
Worker 119651 died (code: 1). Restarting...
Worker 119649 died (code: 1). Restarting...
Error: bind EADDRINUSE null:8084
    at listenOnPrimaryHandle (node:net:1989:18)
    at rr (node:internal/cluster/child:163:12)
    at Worker.<anonymous> (node:internal/cluster/child:113:7)
    at process.onInternalMessage (node:internal/cluster/utils:49:5)
    at process.emit (node:events:536:35)
    at emit (node:internal/child_process:950:14)
    at process.processTicksAndRejections (node:internal/process/task_queues:83:21) {
  errno: -98,
  code: 'EADDRINUSE',
  syscall: 'bind',
  address: null,
  port: 8084
}
Worker 119692 died (code: 1). Restarting...
Error: bind EADDRINUSE null:8084
    at listenOnPrimaryHandle (node:net:1989:18)
    at rr (node:internal/cluster/child:163:12)
    at Worker.<anonymous> (node:internal/cluster/child:113:7)
    at process.onInternalMessage (node:internal/cluster/utils:49:5)
    at process.emit (node:events:536:35)
    at emit (node:internal/child_process:950:14)
    at process.processTicksAndRejections (node:internal/process/task_queues:83:21) {
  errno: -98,
  code: 'EADDRINUSE',
  syscall: 'bind',
  address: null,
  port: 8084
}
Worker 119682 died (code: 1). Restarting...
Error: bind EADDRINUSE null:8084
    at listenOnPrimaryHandle (node:net:1989:18)
    at rr (node:internal/cluster/child:163:12)
    at Worker.<anonymous> (node:internal/cluster/child:113:7)
    at process.onInternalMessage (node:internal/cluster/utils:49:5)
    at process.emit (node:events:536:35)
    at emit (node:internal/child_process:950:14)
    at process.processTicksAndRejections (node:internal/process/task_queues:83:21) {
  errno: -98,
  code: 'EADDRINUSE',
  syscall: 'bind',
  address: null,
  port: 8084
}
Worker 119726 died (code: 1). Restarting...
Error: bind EADDRINUSE null:8084
    at listenOnPrimaryHandle (node:net:1989:18)
    at rr (node:internal/cluster/child:163:12)
    at Worker.<anonymous> (node:internal/cluster/child:113:7)
    at process.onInternalMessage (node:internal/cluster/utils:49:5)
    at process.emit (node:events:536:35)
    at emit (node:internal/child_process:950:14)
    at process.processTicksAndRejections (node:internal/process/task_queues:83:21) {
  errno: -98,
  code: 'EADDRINUSE',
  syscall: 'bind',
  address: null,
  port: 8084
}
Worker 119745 died (code: 1). Restarting...
Error: bind EADDRINUSE null:8084
    at listenOnPrimaryHandle (node:net:1989:18)
    at rr (node:internal/cluster/child:163:12)
    at Worker.<anonymous> (node:internal/cluster/child:113:7)
    at process.onInternalMessage (node:internal/cluster/utils:49:5)
    at process.emit (node:events:536:35)
    at emit (node:internal/child_process:950:14)
    at process.processTicksAndRejections (node:internal/process/task_queues:83:21) {
  errno: -98,
  code: 'EADDRINUSE',
  syscall: 'bind',
  address: null,
  port: 8084
}
Worker 119752 died (code: 1). Restarting...
Error: bind EADDRINUSE null:8084
    at listenOnPrimaryHandle (node:net:1989:18)
    at rr (node:internal/cluster/child:163:12)
    at Worker.<anonymous> (node:internal/cluster/child:113:7)
    at process.onInternalMessage (node:internal/cluster/utils:49:5)
    at process.emit (node:events:536:35)
    at emit (node:internal/child_process:950:14)
    at process.processTicksAndRejections (node:internal/process/task_queues:83:21) {
  errno: -98,
  code: 'EADDRINUSE',
  syscall: 'bind',
  address: null,
  port: 8084
}
Worker 119760 died (code: 1). Restarting...
Error: bind EADDRINUSE null:8084
    at listenOnPrimaryHandle (node:net:1989:18)
    at rr (node:internal/cluster/child:163:12)
    at Worker.<anonymous> (node:internal/cluster/child:113:7)
    at process.onInternalMessage (node:internal/cluster/utils:49:5)
    at process.emit (node:events:536:35)
    at emit (node:internal/child_process:950:14)
    at process.processTicksAndRejections (node:internal/process/task_queues:83:21) {
  errno: -98,
  code: 'EADDRINUSE',
  syscall: 'bind',
  address: null,
  port: 8084
}
Error: bind EADDRINUSE null:8084
    at listenOnPrimaryHandle (node:net:1989:18)
    at rr (node:internal/cluster/child:163:12)
    at Worker.<anonymous> (node:internal/cluster/child:113:7)
    at process.onInternalMessage (node:internal/cluster/utils:49:5)
    at process.emit (node:events:536:35)
    at emit (node:internal/child_process:950:14)
    at process.processTicksAndRejections (node:internal/process/task_queues:83:21) {
  errno: -98,
  code: 'EADDRINUSE',
  syscall: 'bind',
  address: null,
  port: 8084
}
Error: bind EADDRINUSE null:8084
    at listenOnPrimaryHandle (node:net:1989:18)
    at rr (node:internal/cluster/child:163:12)
    at Worker.<anonymous> (node:internal/cluster/child:113:7)
    at process.onInternalMessage (node:internal/cluster/utils:49:5)
    at process.emit (node:events:536:35)
    at emit (node:internal/child_process:950:14)
    at process.processTicksAndRejections (node:internal/process/task_queues:83:21) {
  errno: -98,
  code: 'EADDRINUSE',
  syscall: 'bind',
  address: null,
  port: 8084
}
Worker 119775 died (code: 1). Restarting...
Worker 119793 died (code: 1). Restarting...
Worker 119804 died (code: 1). Restarting...
Error: bind EADDRINUSE null:8084
    at listenOnPrimaryHandle (node:net:1989:18)
    at rr (node:internal/cluster/child:163:12)
    at Worker.<anonymous> (node:internal/cluster/child:113:7)
    at process.onInternalMessage (node:internal/cluster/utils:49:5)
    at process.emit (node:events:536:35)
    at emit (node:internal/child_process:950:14)
    at process.processTicksAndRejections (node:internal/process/task_queues:83:21) {
  errno: -98,
  code: 'EADDRINUSE',
  syscall: 'bind',
  address: null,
  port: 8084
}
Worker 119776 died (code: 1). Restarting...
Error: bind EADDRINUSE null:8084
    at listenOnPrimaryHandle (node:net:1989:18)
    at rr (node:internal/cluster/child:163:12)
    at Worker.<anonymous> (node:internal/cluster/child:113:7)
    at process.onInternalMessage (node:internal/cluster/utils:49:5)
    at process.emit (node:events:536:35)
    at emit (node:internal/child_process:950:14)
    at process.processTicksAndRejections (node:internal/process/task_queues:83:21) {
  errno: -98,
  code: 'EADDRINUSE',
  syscall: 'bind',
  address: null,
  port: 8084
}
Worker 119821 died (code: 1). Restarting...
Error: bind EADDRINUSE null:8084
    at listenOnPrimaryHandle (node:net:1989:18)
    at rr (node:internal/cluster/child:163:12)
    at Worker.<anonymous> (node:internal/cluster/child:113:7)
    at process.onInternalMessage (node:internal/cluster/utils:49:5)
    at process.emit (node:events:536:35)
    at emit (node:internal/child_process:950:14)
    at process.processTicksAndRejections (node:internal/process/task_queues:83:21) {
  errno: -98,
  code: 'EADDRINUSE',
  syscall: 'bind',
  address: null,
  port: 8084
}
Worker 119839 died (code: 1). Restarting...
Error: bind EADDRINUSE null:8084
    at listenOnPrimaryHandle (node:net:1989:18)
    at rr (node:internal/cluster/child:163:12)
    at Worker.<anonymous> (node:internal/cluster/child:113:7)
    at process.onInternalMessage (node:internal/cluster/utils:49:5)
    at process.emit (node:events:536:35)
    at emit (node:internal/child_process:950:14)
    at process.processTicksAndRejections (node:internal/process/task_queues:83:21) {
  errno: -98,
  code: 'EADDRINUSE',
  syscall: 'bind',
  address: null,
  port: 8084
}
Worker 119856 died (code: 1). Restarting...
Error: bind EADDRINUSE null:8084
    at listenOnPrimaryHandle (node:net:1989:18)
    at rr (node:internal/cluster/child:163:12)
    at Worker.<anonymous> (node:internal/cluster/child:113:7)
    at process.onInternalMessage (node:internal/cluster/utils:49:5)
    at process.emit (node:events:536:35)
    at emit (node:internal/child_process:950:14)
    at process.processTicksAndRejections (node:internal/process/task_queues:83:21) {
  errno: -98,
  code: 'EADDRINUSE',
  syscall: 'bind',
  address: null,
  port: 8084
}
Error: bind EADDRINUSE null:8084
    at listenOnPrimaryHandle (node:net:1989:18)
    at rr (node:internal/cluster/child:163:12)
    at Worker.<anonymous> (node:internal/cluster/child:113:7)
    at process.onInternalMessage (node:internal/cluster/utils:49:5)
    at process.emit (node:events:536:35)
    at emit (node:internal/child_process:950:14)
    at process.processTicksAndRejections (node:internal/process/task_queues:83:21) {
  errno: -98,
  code: 'EADDRINUSE',
  syscall: 'bind',
  address: null,
  port: 8084
}
Worker 119871 died (code: 1). Restarting...
Worker 119882 died (code: 1). Restarting...
Error: bind EADDRINUSE null:8084
    at listenOnPrimaryHandle (node:net:1989:18)
    at rr (node:internal/cluster/child:163:12)
    at Worker.<anonymous> (node:internal/cluster/child:113:7)
    at process.onInternalMessage (node:internal/cluster/utils:49:5)
    at process.emit (node:events:536:35)
    at emit (node:internal/child_process:950:14)
    at process.processTicksAndRejections (node:internal/process/task_queues:83:21) {
  errno: -98,
  code: 'EADDRINUSE',
  syscall: 'bind',
  address: null,
  port: 8084
}
Worker 119890 died (code: 1). Restarting...
Error: bind EADDRINUSE null:8084
    at listenOnPrimaryHandle (node:net:1989:18)
    at rr (node:internal/cluster/child:163:12)
    at Worker.<anonymous> (node:internal/cluster/child:113:7)
    at process.onInternalMessage (node:internal/cluster/utils:49:5)
    at process.emit (node:events:536:35)
    at emit (node:internal/child_process:950:14)
    at process.processTicksAndRejections (node:internal/process/task_queues:83:21) {
  errno: -98,
  code: 'EADDRINUSE',
  syscall: 'bind',
  address: null,
  port: 8084
}
Error: bind EADDRINUSE null:8084
    at listenOnPrimaryHandle (node:net:1989:18)
    at rr (node:internal/cluster/child:163:12)
    at Worker.<anonymous> (node:internal/cluster/child:113:7)
    at process.onInternalMessage (node:internal/cluster/utils:49:5)
    at process.emit (node:events:536:35)
    at emit (node:internal/child_process:950:14)
    at process.processTicksAndRejections (node:internal/process/task_queues:83:21) {
  errno: -98,
  code: 'EADDRINUSE',
  syscall: 'bind',
  address: null,
  port: 8084
}
Worker 119889 died (code: 1). Restarting...
Worker 119906 died (code: 1). Restarting...
Error: bind EADDRINUSE null:8084
    at listenOnPrimaryHandle (node:net:1989:18)
    at rr (node:internal/cluster/child:163:12)
    at Worker.<anonymous> (node:internal/cluster/child:113:7)
    at process.onInternalMessage (node:internal/cluster/utils:49:5)
    at process.emit (node:events:536:35)
    at emit (node:internal/child_process:950:14)
    at process.processTicksAndRejections (node:internal/process/task_queues:83:21) {
  errno: -98,
  code: 'EADDRINUSE',
  syscall: 'bind',
  address: null,
  port: 8084
}
Worker 119929 died (code: 1). Restarting...
Error: bind EADDRINUSE null:8084
    at listenOnPrimaryHandle (node:net:1989:18)
    at rr (node:internal/cluster/child:163:12)
    at Worker.<anonymous> (node:internal/cluster/child:113:7)
    at process.onInternalMessage (node:internal/cluster/utils:49:5)
    at process.emit (node:events:536:35)
    at emit (node:internal/child_process:950:14)
    at process.processTicksAndRejections (node:internal/process/task_queues:83:21) {
  errno: -98,
  code: 'EADDRINUSE',
  syscall: 'bind',
  address: null,
  port: 8084
}
Worker 119943 died (code: 1). Restarting...
Error: bind EADDRINUSE null:8084
    at listenOnPrimaryHandle (node:net:1989:18)
    at rr (node:internal/cluster/child:163:12)
    at Worker.<anonymous> (node:internal/cluster/child:113:7)
    at process.onInternalMessage (node:internal/cluster/utils:49:5)
    at process.emit (node:events:536:35)
    at emit (node:internal/child_process:950:14)
    at process.processTicksAndRejections (node:internal/process/task_queues:83:21) {
  errno: -98,
  code: 'EADDRINUSE',
  syscall: 'bind',
  address: null,
  port: 8084
}
Worker 119963 died (code: 1). Restarting...
Error: bind EADDRINUSE null:8084
    at listenOnPrimaryHandle (node:net:1989:18)
    at rr (node:internal/cluster/child:163:12)
    at Worker.<anonymous> (node:internal/cluster/child:113:7)
    at process.onInternalMessage (node:internal/cluster/utils:49:5)
    at process.emit (node:events:536:35)
    at emit (node:internal/child_process:950:14)
    at process.processTicksAndRejections (node:internal/process/task_queues:83:21) {
  errno: -98,
  code: 'EADDRINUSE',
  syscall: 'bind',
  address: null,
  port: 8084
}
Worker 119983 died (code: 1). Restarting...
Error: bind EADDRINUSE null:8084
    at listenOnPrimaryHandle (node:net:1989:18)
    at rr (node:internal/cluster/child:163:12)
    at Worker.<anonymous> (node:internal/cluster/child:113:7)
    at process.onInternalMessage (node:internal/cluster/utils:49:5)
    at process.emit (node:events:536:35)
    at emit (node:internal/child_process:950:14)
    at process.processTicksAndRejections (node:internal/process/task_queues:83:21) {
  errno: -98,
  code: 'EADDRINUSE',
  syscall: 'bind',
  address: null,
  port: 8084
}
Worker 119985 died (code: 1). Restarting...
Error: bind EADDRINUSE null:8084
    at listenOnPrimaryHandle (node:net:1989:18)
    at rr (node:internal/cluster/child:163:12)
    at Worker.<anonymous> (node:internal/cluster/child:113:7)
    at process.onInternalMessage (node:internal/cluster/utils:49:5)
    at process.emit (node:events:536:35)
    at emit (node:internal/child_process:950:14)
    at process.processTicksAndRejections (node:internal/process/task_queues:83:21) {
  errno: -98,
  code: 'EADDRINUSE',
  syscall: 'bind',
  address: null,
  port: 8084
}
Worker 120000 died (code: 1). Restarting...
Error: bind EADDRINUSE null:8084
    at listenOnPrimaryHandle (node:net:1989:18)
    at rr (node:internal/cluster/child:163:12)
    at Worker.<anonymous> (node:internal/cluster/child:113:7)
    at process.onInternalMessage (node:internal/cluster/utils:49:5)
    at process.emit (node:events:536:35)
    at emit (node:internal/child_process:950:14)
    at process.processTicksAndRejections (node:internal/process/task_queues:83:21) {
  errno: -98,
  code: 'EADDRINUSE',
  syscall: 'bind',
  address: null,
  port: 8084
}
Error: bind EADDRINUSE null:8084
    at listenOnPrimaryHandle (node:net:1989:18)
    at rr (node:internal/cluster/child:163:12)
    at Worker.<anonymous> (node:internal/cluster/child:113:7)
    at process.onInternalMessage (node:internal/cluster/utils:49:5)
    at process.emit (node:events:536:35)
    at emit (node:internal/child_process:950:14)
    at process.processTicksAndRejections (node:internal/process/task_queues:83:21) {
  errno: -98,
  code: 'EADDRINUSE',
  syscall: 'bind',
  address: null,
  port: 8084
}
Worker 120033 died (code: 1). Restarting...
Error: bind EADDRINUSE null:8084
    at listenOnPrimaryHandle (node:net:1989:18)
    at rr (node:internal/cluster/child:163:12)
    at Worker.<anonymous> (node:internal/cluster/child:113:7)
    at process.onInternalMessage (node:internal/cluster/utils:49:5)
    at process.emit (node:events:536:35)
    at emit (node:internal/child_process:950:14)
    at process.processTicksAndRejections (node:internal/process/task_queues:83:21) {
  errno: -98,
  code: 'EADDRINUSE',
  syscall: 'bind',
  address: null,
  port: 8084
}
Worker 120015 died (code: 1). Restarting...
Worker 120013 died (code: 1). Restarting...
Error: bind EADDRINUSE null:8084
    at listenOnPrimaryHandle (node:net:1989:18)
    at rr (node:internal/cluster/child:163:12)
    at Worker.<anonymous> (node:internal/cluster/child:113:7)
    at process.onInternalMessage (node:internal/cluster/utils:49:5)
    at process.emit (node:events:536:35)
    at emit (node:internal/child_process:950:14)
    at process.processTicksAndRejections (node:internal/process/task_queues:83:21) {
  errno: -98,
  code: 'EADDRINUSE',
  syscall: 'bind',
  address: null,
  port: 8084
}
Worker 120046 died (code: 1). Restarting...
Error: bind EADDRINUSE null:8084
    at listenOnPrimaryHandle (node:net:1989:18)
    at rr (node:internal/cluster/child:163:12)
    at Worker.<anonymous> (node:internal/cluster/child:113:7)
    at process.onInternalMessage (node:internal/cluster/utils:49:5)
    at process.emit (node:events:536:35)
    at emit (node:internal/child_process:950:14)
    at process.processTicksAndRejections (node:internal/process/task_queues:83:21) {
  errno: -98,
  code: 'EADDRINUSE',
  syscall: 'bind',
  address: null,
  port: 8084
}
Worker 120064 died (code: 1). Restarting...
Error: bind EADDRINUSE null:8084
    at listenOnPrimaryHandle (node:net:1989:18)
    at rr (node:internal/cluster/child:163:12)
    at Worker.<anonymous> (node:internal/cluster/child:113:7)
    at process.onInternalMessage (node:internal/cluster/utils:49:5)
    at process.emit (node:events:536:35)
    at emit (node:internal/child_process:950:14)
    at process.processTicksAndRejections (node:internal/process/task_queues:83:21) {
  errno: -98,
  code: 'EADDRINUSE',
  syscall: 'bind',
  address: null,
  port: 8084
}
Worker 120103 died (code: 1). Restarting...
Error: bind EADDRINUSE null:8084
    at listenOnPrimaryHandle (node:net:1989:18)
    at rr (node:internal/cluster/child:163:12)
    at Worker.<anonymous> (node:internal/cluster/child:113:7)
    at process.onInternalMessage (node:internal/cluster/utils:49:5)
    at process.emit (node:events:536:35)
    at emit (node:internal/child_process:950:14)
    at process.processTicksAndRejections (node:internal/process/task_queues:83:21) {
  errno: -98,
  code: 'EADDRINUSE',
  syscall: 'bind',
  address: null,
  port: 8084
}
Worker 120102 died (code: 1). Restarting...
Error: bind EADDRINUSE null:8084
    at listenOnPrimaryHandle (node:net:1989:18)
    at rr (node:internal/cluster/child:163:12)
    at Worker.<anonymous> (node:internal/cluster/child:113:7)
    at process.onInternalMessage (node:internal/cluster/utils:49:5)
    at process.emit (node:events:536:35)
    at emit (node:internal/child_process:950:14)
    at process.processTicksAndRejections (node:internal/process/task_queues:83:21) {
  errno: -98,
  code: 'EADDRINUSE',
  syscall: 'bind',
  address: null,
  port: 8084
}
Error: bind EADDRINUSE null:8084
    at listenOnPrimaryHandle (node:net:1989:18)
    at rr (node:internal/cluster/child:163:12)
    at Worker.<anonymous> (node:internal/cluster/child:113:7)
    at process.onInternalMessage (node:internal/cluster/utils:49:5)
    at process.emit (node:events:536:35)
    at emit (node:internal/child_process:950:14)
    at process.processTicksAndRejections (node:internal/process/task_queues:83:21) {
  errno: -98,
  code: 'EADDRINUSE',
  syscall: 'bind',
  address: null,
  port: 8084
}
Error: bind EADDRINUSE null:8084
    at listenOnPrimaryHandle (node:net:1989:18)
    at rr (node:internal/cluster/child:163:12)
    at Worker.<anonymous> (node:internal/cluster/child:113:7)
    at process.onInternalMessage (node:internal/cluster/utils:49:5)
    at process.emit (node:events:536:35)
    at emit (node:internal/child_process:950:14)
    at process.processTicksAndRejections (node:internal/process/task_queues:83:21) {
  errno: -98,
  code: 'EADDRINUSE',
  syscall: 'bind',
  address: null,
  port: 8084
}
Worker 120125 died (code: 1). Restarting...
Worker 120114 died (code: 1). Restarting...
Worker 120136 died (code: 1). Restarting...
Error: bind EADDRINUSE null:8084
    at listenOnPrimaryHandle (node:net:1989:18)
    at rr (node:internal/cluster/child:163:12)
    at Worker.<anonymous> (node:internal/cluster/child:113:7)
    at process.onInternalMessage (node:internal/cluster/utils:49:5)
    at process.emit (node:events:536:35)
    at emit (node:internal/child_process:950:14)
    at process.processTicksAndRejections (node:internal/process/task_queues:83:21) {
  errno: -98,
  code: 'EADDRINUSE',
  syscall: 'bind',
  address: null,
  port: 8084
}
Worker 120134 died (code: 1). Restarting...
Error: bind EADDRINUSE null:8084
    at listenOnPrimaryHandle (node:net:1989:18)
    at rr (node:internal/cluster/child:163:12)
    at Worker.<anonymous> (node:internal/cluster/child:113:7)
    at process.onInternalMessage (node:internal/cluster/utils:49:5)
    at process.emit (node:events:536:35)
    at emit (node:internal/child_process:950:14)
    at process.processTicksAndRejections (node:internal/process/task_queues:83:21) {
  errno: -98,
  code: 'EADDRINUSE',
  syscall: 'bind',
  address: null,
  port: 8084
}
Worker 120160 died (code: 1). Restarting...
Error: bind EADDRINUSE null:8084
    at listenOnPrimaryHandle (node:net:1989:18)
    at rr (node:internal/cluster/child:163:12)
    at Worker.<anonymous> (node:internal/cluster/child:113:7)
    at process.onInternalMessage (node:internal/cluster/utils:49:5)
    at process.emit (node:events:536:35)
    at emit (node:internal/child_process:950:14)
    at process.processTicksAndRejections (node:internal/process/task_queues:83:21) {
  errno: -98,
  code: 'EADDRINUSE',
  syscall: 'bind',
  address: null,
  port: 8084
}
Worker 120147 died (code: 1). Restarting...
Error: bind EADDRINUSE null:8084
    at listenOnPrimaryHandle (node:net:1989:18)
    at rr (node:internal/cluster/child:163:12)
    at Worker.<anonymous> (node:internal/cluster/child:113:7)
    at process.onInternalMessage (node:internal/cluster/utils:49:5)
    at process.emit (node:events:536:35)
    at emit (node:internal/child_process:950:14)
    at process.processTicksAndRejections (node:internal/process/task_queues:83:21) {
  errno: -98,
  code: 'EADDRINUSE',
  syscall: 'bind',
  address: null,
  port: 8084
}
Worker 120210 died (code: 1). Restarting...
Error: bind EADDRINUSE null:8084
    at listenOnPrimaryHandle (node:net:1989:18)
    at rr (node:internal/cluster/child:163:12)
    at Worker.<anonymous> (node:internal/cluster/child:113:7)
    at process.onInternalMessage (node:internal/cluster/utils:49:5)
    at process.emit (node:events:536:35)
    at emit (node:internal/child_process:950:14)
    at process.processTicksAndRejections (node:internal/process/task_queues:83:21) {
  errno: -98,
  code: 'EADDRINUSE',
  syscall: 'bind',
  address: null,
  port: 8084
}
Error: bind EADDRINUSE null:8084
    at listenOnPrimaryHandle (node:net:1989:18)
    at rr (node:internal/cluster/child:163:12)
    at Worker.<anonymous> (node:internal/cluster/child:113:7)
    at process.onInternalMessage (node:internal/cluster/utils:49:5)
    at process.emit (node:events:536:35)
    at emit (node:internal/child_process:950:14)
    at process.processTicksAndRejections (node:internal/process/task_queues:83:21) {
  errno: -98,
  code: 'EADDRINUSE',
  syscall: 'bind',
  address: null,
  port: 8084
}
Worker 120229 died (code: 1). Restarting...
Worker 120218 died (code: 1). Restarting...
Error: bind EADDRINUSE null:8084
    at listenOnPrimaryHandle (node:net:1989:18)
    at rr (node:internal/cluster/child:163:12)
    at Worker.<anonymous> (node:internal/cluster/child:113:7)
    at process.onInternalMessage (node:internal/cluster/utils:49:5)
    at process.emit (node:events:536:35)
    at emit (node:internal/child_process:950:14)
    at process.processTicksAndRejections (node:internal/process/task_queues:83:21) {
  errno: -98,
  code: 'EADDRINUSE',
  syscall: 'bind',
  address: null,
  port: 8084
}
Error: bind EADDRINUSE null:8084
    at listenOnPrimaryHandle (node:net:1989:18)
    at rr (node:internal/cluster/child:163:12)
    at Worker.<anonymous> (node:internal/cluster/child:113:7)
    at process.onInternalMessage (node:internal/cluster/utils:49:5)
    at process.emit (node:events:536:35)
    at emit (node:internal/child_process:950:14)
    at process.processTicksAndRejections (node:internal/process/task_queues:83:21) {
  errno: -98,
  code: 'EADDRINUSE',
  syscall: 'bind',
  address: null,
  port: 8084
}
Worker 120230 died (code: 1). Restarting...
Worker 120228 died (code: 1). Restarting...
Error: bind EADDRINUSE null:8084
    at listenOnPrimaryHandle (node:net:1989:18)
    at rr (node:internal/cluster/child:163:12)
    at Worker.<anonymous> (node:internal/cluster/child:113:7)
    at process.onInternalMessage (node:internal/cluster/utils:49:5)
    at process.emit (node:events:536:35)
    at emit (node:internal/child_process:950:14)
    at process.processTicksAndRejections (node:internal/process/task_queues:83:21) {
  errno: -98,
  code: 'EADDRINUSE',
  syscall: 'bind',
  address: null,
  port: 8084
}
Worker 120254 died (code: 1). Restarting...
Error: bind EADDRINUSE null:8084
    at listenOnPrimaryHandle (node:net:1989:18)
    at rr (node:internal/cluster/child:163:12)
    at Worker.<anonymous> (node:internal/cluster/child:113:7)
    at process.onInternalMessage (node:internal/cluster/utils:49:5)
    at process.emit (node:events:536:35)
    at emit (node:internal/child_process:950:14)
    at process.processTicksAndRejections (node:internal/process/task_queues:83:21) {
  errno: -98,
  code: 'EADDRINUSE',
  syscall: 'bind',
  address: null,
  port: 8084
}
Worker 120266 died (code: 1). Restarting...
Error: bind EADDRINUSE null:8084
    at listenOnPrimaryHandle (node:net:1989:18)
    at rr (node:internal/cluster/child:163:12)
    at Worker.<anonymous> (node:internal/cluster/child:113:7)
    at process.onInternalMessage (node:internal/cluster/utils:49:5)
    at process.emit (node:events:536:35)
    at emit (node:internal/child_process:950:14)
    at process.processTicksAndRejections (node:internal/process/task_queues:83:21) {
  errno: -98,
  code: 'EADDRINUSE',
  syscall: 'bind',
  address: null,
  port: 8084
}
Worker 120277 died (code: 1). Restarting...
Error: bind EADDRINUSE null:8084
    at listenOnPrimaryHandle (node:net:1989:18)
    at rr (node:internal/cluster/child:163:12)
    at Worker.<anonymous> (node:internal/cluster/child:113:7)
    at process.onInternalMessage (node:internal/cluster/utils:49:5)
    at process.emit (node:events:536:35)
    at emit (node:internal/child_process:950:14)
    at process.processTicksAndRejections (node:internal/process/task_queues:83:21) {
  errno: -98,
  code: 'EADDRINUSE',
  syscall: 'bind',
  address: null,
  port: 8084
}
Error: bind EADDRINUSE null:8084
    at listenOnPrimaryHandle (node:net:1989:18)
    at rr (node:internal/cluster/child:163:12)
    at Worker.<anonymous> (node:internal/cluster/child:113:7)
    at process.onInternalMessage (node:internal/cluster/utils:49:5)
    at process.emit (node:events:536:35)
    at emit (node:internal/child_process:950:14)
    at process.processTicksAndRejections (node:internal/process/task_queues:83:21) {
  errno: -98,
  code: 'EADDRINUSE',
  syscall: 'bind',
  address: null,
  port: 8084
}
Worker 120305 died (code: 1). Restarting...
Worker 120325 died (code: 1). Restarting...
Error: bind EADDRINUSE null:8084
    at listenOnPrimaryHandle (node:net:1989:18)
    at rr (node:internal/cluster/child:163:12)
    at Worker.<anonymous> (node:internal/cluster/child:113:7)
    at process.onInternalMessage (node:internal/cluster/utils:49:5)
    at process.emit (node:events:536:35)
    at emit (node:internal/child_process:950:14)
    at process.processTicksAndRejections (node:internal/process/task_queues:83:21) {
  errno: -98,
  code: 'EADDRINUSE',
  syscall: 'bind',
  address: null,
  port: 8084
}
Worker 120326 died (code: 1). Restarting...
Error: bind EADDRINUSE null:8084
    at listenOnPrimaryHandle (node:net:1989:18)
    at rr (node:internal/cluster/child:163:12)
    at Worker.<anonymous> (node:internal/cluster/child:113:7)
    at process.onInternalMessage (node:internal/cluster/utils:49:5)
    at process.emit (node:events:536:35)
    at emit (node:internal/child_process:950:14)
    at process.processTicksAndRejections (node:internal/process/task_queues:83:21) {
  errno: -98,
  code: 'EADDRINUSE',
  syscall: 'bind',
  address: null,
  port: 8084
}
Worker 120337 died (code: 1). Restarting...
Error: bind EADDRINUSE null:8084
    at listenOnPrimaryHandle (node:net:1989:18)
    at rr (node:internal/cluster/child:163:12)
    at Worker.<anonymous> (node:internal/cluster/child:113:7)
    at process.onInternalMessage (node:internal/cluster/utils:49:5)
    at process.emit (node:events:536:35)
    at emit (node:internal/child_process:950:14)
    at process.processTicksAndRejections (node:internal/process/task_queues:83:21) {
  errno: -98,
  code: 'EADDRINUSE',
  syscall: 'bind',
  address: null,
  port: 8084
}
Worker 120359 died (code: 1). Restarting...
Error: bind EADDRINUSE null:8084
    at listenOnPrimaryHandle (node:net:1989:18)
    at rr (node:internal/cluster/child:163:12)
    at Worker.<anonymous> (node:internal/cluster/child:113:7)
    at process.onInternalMessage (node:internal/cluster/utils:49:5)
    at process.emit (node:events:536:35)
    at emit (node:internal/child_process:950:14)
    at process.processTicksAndRejections (node:internal/process/task_queues:83:21) {
  errno: -98,
  code: 'EADDRINUSE',
  syscall: 'bind',
  address: null,
  port: 8084
}
Error: bind EADDRINUSE null:8084
    at listenOnPrimaryHandle (node:net:1989:18)
    at rr (node:internal/cluster/child:163:12)
    at Worker.<anonymous> (node:internal/cluster/child:113:7)
    at process.onInternalMessage (node:internal/cluster/utils:49:5)
    at process.emit (node:events:536:35)
    at emit (node:internal/child_process:950:14)
    at process.processTicksAndRejections (node:internal/process/task_queues:83:21) {
  errno: -98,
  code: 'EADDRINUSE',
  syscall: 'bind',
  address: null,
  port: 8084
}
Worker 120345 died (code: 1). Restarting...
Error: bind EADDRINUSE null:8084
    at listenOnPrimaryHandle (node:net:1989:18)
    at rr (node:internal/cluster/child:163:12)
    at Worker.<anonymous> (node:internal/cluster/child:113:7)
    at process.onInternalMessage (node:internal/cluster/utils:49:5)
    at process.emit (node:events:536:35)
    at emit (node:internal/child_process:950:14)
    at process.processTicksAndRejections (node:internal/process/task_queues:83:21) {
  errno: -98,
  code: 'EADDRINUSE',
  syscall: 'bind',
  address: null,
  port: 8084
}
Worker 120357 died (code: 1). Restarting...
Worker 120381 died (code: 1). Restarting...
Error: bind EADDRINUSE null:8084
    at listenOnPrimaryHandle (node:net:1989:18)
    at rr (node:internal/cluster/child:163:12)
    at Worker.<anonymous> (node:internal/cluster/child:113:7)
    at process.onInternalMessage (node:internal/cluster/utils:49:5)
    at process.emit (node:events:536:35)
    at emit (node:internal/child_process:950:14)
    at process.processTicksAndRejections (node:internal/process/task_queues:83:21) {
  errno: -98,
  code: 'EADDRINUSE',
  syscall: 'bind',
  address: null,
  port: 8084
}
Error: bind EADDRINUSE null:8084
    at listenOnPrimaryHandle (node:net:1989:18)
    at rr (node:internal/cluster/child:163:12)
    at Worker.<anonymous> (node:internal/cluster/child:113:7)
    at process.onInternalMessage (node:internal/cluster/utils:49:5)
    at process.emit (node:events:536:35)
    at emit (node:internal/child_process:950:14)
    at process.processTicksAndRejections (node:internal/process/task_queues:83:21) {
  errno: -98,
  code: 'EADDRINUSE',
  syscall: 'bind',
  address: null,
  port: 8084
}
Worker 120421 died (code: 1). Restarting...
Error: bind EADDRINUSE null:8084
    at listenOnPrimaryHandle (node:net:1989:18)
    at rr (node:internal/cluster/child:163:12)
    at Worker.<anonymous> (node:internal/cluster/child:113:7)
    at process.onInternalMessage (node:internal/cluster/utils:49:5)
    at process.emit (node:events:536:35)
    at emit (node:internal/child_process:950:14)
    at process.processTicksAndRejections (node:internal/process/task_queues:83:21) {
  errno: -98,
  code: 'EADDRINUSE',
  syscall: 'bind',
  address: null,
  port: 8084
}
Worker 120430 died (code: 1). Restarting...
Error: bind EADDRINUSE null:8084
    at listenOnPrimaryHandle (node:net:1989:18)
    at rr (node:internal/cluster/child:163:12)
    at Worker.<anonymous> (node:internal/cluster/child:113:7)
    at process.onInternalMessage (node:internal/cluster/utils:49:5)
    at process.emit (node:events:536:35)
    at emit (node:internal/child_process:950:14)
    at process.processTicksAndRejections (node:internal/process/task_queues:83:21) {
  errno: -98,
  code: 'EADDRINUSE',
  syscall: 'bind',
  address: null,
  port: 8084
}
Error: bind EADDRINUSE null:8084
    at listenOnPrimaryHandle (node:net:1989:18)
    at rr (node:internal/cluster/child:163:12)
    at Worker.<anonymous> (node:internal/cluster/child:113:7)
    at process.onInternalMessage (node:internal/cluster/utils:49:5)
    at process.emit (node:events:536:35)
    at emit (node:internal/child_process:950:14)
    at process.processTicksAndRejections (node:internal/process/task_queues:83:21) {
  errno: -98,
  code: 'EADDRINUSE',
  syscall: 'bind',
  address: null,
  port: 8084
}
Worker 120448 died (code: 1). Restarting...
Worker 120423 died (code: 1). Restarting...
Worker 120446 died (code: 1). Restarting...
Error: bind EADDRINUSE null:8084
    at listenOnPrimaryHandle (node:net:1989:18)
    at rr (node:internal/cluster/child:163:12)
    at Worker.<anonymous> (node:internal/cluster/child:113:7)
    at process.onInternalMessage (node:internal/cluster/utils:49:5)
    at process.emit (node:events:536:35)
    at emit (node:internal/child_process:950:14)
    at process.processTicksAndRejections (node:internal/process/task_queues:83:21) {
  errno: -98,
  code: 'EADDRINUSE',
  syscall: 'bind',
  address: null,
  port: 8084
}
Error: bind EADDRINUSE null:8084
    at listenOnPrimaryHandle (node:net:1989:18)
    at rr (node:internal/cluster/child:163:12)
    at Worker.<anonymous> (node:internal/cluster/child:113:7)
    at process.onInternalMessage (node:internal/cluster/utils:49:5)
    at process.emit (node:events:536:35)
    at emit (node:internal/child_process:950:14)
    at process.processTicksAndRejections (node:internal/process/task_queues:83:21) {
  errno: -98,
  code: 'EADDRINUSE',
  syscall: 'bind',
  address: null,
  port: 8084
}
Worker 120472 died (code: 1). Restarting...
Error: bind EADDRINUSE null:8084
    at listenOnPrimaryHandle (node:net:1989:18)
    at rr (node:internal/cluster/child:163:12)
    at Worker.<anonymous> (node:internal/cluster/child:113:7)
    at process.onInternalMessage (node:internal/cluster/utils:49:5)
    at process.emit (node:events:536:35)
    at emit (node:internal/child_process:950:14)
    at process.processTicksAndRejections (node:internal/process/task_queues:83:21) {
  errno: -98,
  code: 'EADDRINUSE',
  syscall: 'bind',
  address: null,
  port: 8084
}
Worker 120466 died (code: 1). Restarting...
Worker 120473 died (code: 1). Restarting...
Error: bind EADDRINUSE null:8084
    at listenOnPrimaryHandle (node:net:1989:18)
    at rr (node:internal/cluster/child:163:12)
    at Worker.<anonymous> (node:internal/cluster/child:113:7)
    at process.onInternalMessage (node:internal/cluster/utils:49:5)
    at process.emit (node:events:536:35)
    at emit (node:internal/child_process:950:14)
    at process.processTicksAndRejections (node:internal/process/task_queues:83:21) {
  errno: -98,
  code: 'EADDRINUSE',
  syscall: 'bind',
  address: null,
  port: 8084
}
Error: bind EADDRINUSE null:8084
    at listenOnPrimaryHandle (node:net:1989:18)
    at rr (node:internal/cluster/child:163:12)
    at Worker.<anonymous> (node:internal/cluster/child:113:7)
    at process.onInternalMessage (node:internal/cluster/utils:49:5)
    at process.emit (node:events:536:35)
    at emit (node:internal/child_process:950:14)
    at process.processTicksAndRejections (node:internal/process/task_queues:83:21) {
  errno: -98,
  code: 'EADDRINUSE',
  syscall: 'bind',
  address: null,
  port: 8084
}
Error: bind EADDRINUSE null:8084
    at listenOnPrimaryHandle (node:net:1989:18)
    at rr (node:internal/cluster/child:163:12)
    at Worker.<anonymous> (node:internal/cluster/child:113:7)
    at process.onInternalMessage (node:internal/cluster/utils:49:5)
    at process.emit (node:events:536:35)
    at emit (node:internal/child_process:950:14)
    at process.processTicksAndRejections (node:internal/process/task_queues:83:21) {
  errno: -98,
  code: 'EADDRINUSE',
  syscall: 'bind',
  address: null,
  port: 8084
}
Worker 120549 died (code: 1). Restarting...
Worker 120548 died (code: 1). Restarting...
Error: bind EADDRINUSE null:8084
    at listenOnPrimaryHandle (node:net:1989:18)
    at rr (node:internal/cluster/child:163:12)
    at Worker.<anonymous> (node:internal/cluster/child:113:7)
    at process.onInternalMessage (node:internal/cluster/utils:49:5)
    at process.emit (node:events:536:35)
    at emit (node:internal/child_process:950:14)
    at process.processTicksAndRejections (node:internal/process/task_queues:83:21) {
  errno: -98,
  code: 'EADDRINUSE',
  syscall: 'bind',
  address: null,
  port: 8084
}
Worker 120542 died (code: 1). Restarting...
Worker 120541 died (code: 1). Restarting...
Error: bind EADDRINUSE null:8084
    at listenOnPrimaryHandle (node:net:1989:18)
    at rr (node:internal/cluster/child:163:12)
    at Worker.<anonymous> (node:internal/cluster/child:113:7)
    at process.onInternalMessage (node:internal/cluster/utils:49:5)
    at process.emit (node:events:536:35)
    at emit (node:internal/child_process:950:14)
    at process.processTicksAndRejections (node:internal/process/task_queues:83:21) {
  errno: -98,
  code: 'EADDRINUSE',
  syscall: 'bind',
  address: null,
  port: 8084
}
Error: bind EADDRINUSE null:8084
    at listenOnPrimaryHandle (node:net:1989:18)
    at rr (node:internal/cluster/child:163:12)
    at Worker.<anonymous> (node:internal/cluster/child:113:7)
    at process.onInternalMessage (node:internal/cluster/utils:49:5)
    at process.emit (node:events:536:35)
    at emit (node:internal/child_process:950:14)
    at process.processTicksAndRejections (node:internal/process/task_queues:83:21) {
  errno: -98,
  code: 'EADDRINUSE',
  syscall: 'bind',
  address: null,
  port: 8084
}
Worker 120575 died (code: 1). Restarting...
Error: bind EADDRINUSE null:8084
    at listenOnPrimaryHandle (node:net:1989:18)
    at rr (node:internal/cluster/child:163:12)
    at Worker.<anonymous> (node:internal/cluster/child:113:7)
    at process.onInternalMessage (node:internal/cluster/utils:49:5)
    at process.emit (node:events:536:35)
    at emit (node:internal/child_process:950:14)
    at process.processTicksAndRejections (node:internal/process/task_queues:83:21) {
  errno: -98,
  code: 'EADDRINUSE',
  syscall: 'bind',
  address: null,
  port: 8084
}
Worker 120535 died (code: 1). Restarting...
Worker 120581 died (code: 1). Restarting...
Error: bind EADDRINUSE null:8084
    at listenOnPrimaryHandle (node:net:1989:18)
    at rr (node:internal/cluster/child:163:12)
    at Worker.<anonymous> (node:internal/cluster/child:113:7)
    at process.onInternalMessage (node:internal/cluster/utils:49:5)
    at process.emit (node:events:536:35)
    at emit (node:internal/child_process:950:14)
    at process.processTicksAndRejections (node:internal/process/task_queues:83:21) {
  errno: -98,
  code: 'EADDRINUSE',
  syscall: 'bind',
  address: null,
  port: 8084
}
Worker 120588 died (code: 1). Restarting...
Error: bind EADDRINUSE null:8084
    at listenOnPrimaryHandle (node:net:1989:18)
    at rr (node:internal/cluster/child:163:12)
    at Worker.<anonymous> (node:internal/cluster/child:113:7)
    at process.onInternalMessage (node:internal/cluster/utils:49:5)
    at process.emit (node:events:536:35)
    at emit (node:internal/child_process:950:14)
    at process.processTicksAndRejections (node:internal/process/task_queues:83:21) {
  errno: -98,
  code: 'EADDRINUSE',
  syscall: 'bind',
  address: null,
  port: 8084
}
Worker 120645 died (code: 1). Restarting...
Error: bind EADDRINUSE null:8084
    at listenOnPrimaryHandle (node:net:1989:18)
    at rr (node:internal/cluster/child:163:12)
    at Worker.<anonymous> (node:internal/cluster/child:113:7)
    at process.onInternalMessage (node:internal/cluster/utils:49:5)
    at process.emit (node:events:536:35)
    at emit (node:internal/child_process:950:14)
    at process.processTicksAndRejections (node:internal/process/task_queues:83:21) {
  errno: -98,
  code: 'EADDRINUSE',
  syscall: 'bind',
  address: null,
  port: 8084
}
Worker 120644 died (code: 1). Restarting...
Error: bind EADDRINUSE null:8084
    at listenOnPrimaryHandle (node:net:1989:18)
    at rr (node:internal/cluster/child:163:12)
    at Worker.<anonymous> (node:internal/cluster/child:113:7)
    at process.onInternalMessage (node:internal/cluster/utils:49:5)
    at process.emit (node:events:536:35)
    at emit (node:internal/child_process:950:14)
    at process.processTicksAndRejections (node:internal/process/task_queues:83:21) {
  errno: -98,
  code: 'EADDRINUSE',
  syscall: 'bind',
  address: null,
  port: 8084
}
Error: bind EADDRINUSE null:8084
    at listenOnPrimaryHandle (node:net:1989:18)
    at rr (node:internal/cluster/child:163:12)
    at Worker.<anonymous> (node:internal/cluster/child:113:7)
    at process.onInternalMessage (node:internal/cluster/utils:49:5)
    at process.emit (node:events:536:35)
    at emit (node:internal/child_process:950:14)
    at process.processTicksAndRejections (node:internal/process/task_queues:83:21) {
  errno: -98,
  code: 'EADDRINUSE',
  syscall: 'bind',
  address: null,
  port: 8084
}
Worker 120643 died (code: 1). Restarting...
Error: bind EADDRINUSE null:8084
    at listenOnPrimaryHandle (node:net:1989:18)
    at rr (node:internal/cluster/child:163:12)
    at Worker.<anonymous> (node:internal/cluster/child:113:7)
    at process.onInternalMessage (node:internal/cluster/utils:49:5)
    at process.emit (node:events:536:35)
    at emit (node:internal/child_process:950:14)
    at process.processTicksAndRejections (node:internal/process/task_queues:83:21) {
  errno: -98,
  code: 'EADDRINUSE',
  syscall: 'bind',
  address: null,
  port: 8084
}
Worker 120652 died (code: 1). Restarting...
Worker 120671 died (code: 1). Restarting...
Error: bind EADDRINUSE null:8084
    at listenOnPrimaryHandle (node:net:1989:18)
    at rr (node:internal/cluster/child:163:12)
    at Worker.<anonymous> (node:internal/cluster/child:113:7)
    at process.onInternalMessage (node:internal/cluster/utils:49:5)
    at process.emit (node:events:536:35)
    at emit (node:internal/child_process:950:14)
    at process.processTicksAndRejections (node:internal/process/task_queues:83:21) {
  errno: -98,
  code: 'EADDRINUSE',
  syscall: 'bind',
  address: null,
  port: 8084
}
Error: bind EADDRINUSE null:8084
    at listenOnPrimaryHandle (node:net:1989:18)
    at rr (node:internal/cluster/child:163:12)
    at Worker.<anonymous> (node:internal/cluster/child:113:7)
    at process.onInternalMessage (node:internal/cluster/utils:49:5)
    at process.emit (node:events:536:35)
    at emit (node:internal/child_process:950:14)
    at process.processTicksAndRejections (node:internal/process/task_queues:83:21) {
  errno: -98,
  code: 'EADDRINUSE',
  syscall: 'bind',
  address: null,
  port: 8084
}
Worker 120677 died (code: 1). Restarting...
Worker 120678 died (code: 1). Restarting...
Error: bind EADDRINUSE null:8084
    at listenOnPrimaryHandle (node:net:1989:18)
    at rr (node:internal/cluster/child:163:12)
    at Worker.<anonymous> (node:internal/cluster/child:113:7)
    at process.onInternalMessage (node:internal/cluster/utils:49:5)
    at process.emit (node:events:536:35)
    at emit (node:internal/child_process:950:14)
    at process.processTicksAndRejections (node:internal/process/task_queues:83:21) {
  errno: -98,
  code: 'EADDRINUSE',
  syscall: 'bind',
  address: null,
  port: 8084
}
Worker 120698 died (code: 1). Restarting...
Error: bind EADDRINUSE null:8084
    at listenOnPrimaryHandle (node:net:1989:18)
    at rr (node:internal/cluster/child:163:12)
    at Worker.<anonymous> (node:internal/cluster/child:113:7)
    at process.onInternalMessage (node:internal/cluster/utils:49:5)
    at process.emit (node:events:536:35)
    at emit (node:internal/child_process:950:14)
    at process.processTicksAndRejections (node:internal/process/task_queues:83:21) {
  errno: -98,
  code: 'EADDRINUSE',
  syscall: 'bind',
  address: null,
  port: 8084
}
Worker 120745 died (code: 1). Restarting...
Error: bind EADDRINUSE null:8084
    at listenOnPrimaryHandle (node:net:1989:18)
    at rr (node:internal/cluster/child:163:12)
    at Worker.<anonymous> (node:internal/cluster/child:113:7)
    at process.onInternalMessage (node:internal/cluster/utils:49:5)
    at process.emit (node:events:536:35)
    at emit (node:internal/child_process:950:14)
    at process.processTicksAndRejections (node:internal/process/task_queues:83:21) {
  errno: -98,
  code: 'EADDRINUSE',
  syscall: 'bind',
  address: null,
  port: 8084
}
Error: bind EADDRINUSE null:8084
    at listenOnPrimaryHandle (node:net:1989:18)
    at rr (node:internal/cluster/child:163:12)
    at Worker.<anonymous> (node:internal/cluster/child:113:7)
    at process.onInternalMessage (node:internal/cluster/utils:49:5)
    at process.emit (node:events:536:35)
    at emit (node:internal/child_process:950:14)
    at process.processTicksAndRejections (node:internal/process/task_queues:83:21) {
  errno: -98,
  code: 'EADDRINUSE',
  syscall: 'bind',
  address: null,
  port: 8084
}
Error: bind EADDRINUSE null:8084
    at listenOnPrimaryHandle (node:net:1989:18)
    at rr (node:internal/cluster/child:163:12)
    at Worker.<anonymous> (node:internal/cluster/child:113:7)
    at process.onInternalMessage (node:internal/cluster/utils:49:5)
    at process.emit (node:events:536:35)
    at emit (node:internal/child_process:950:14)
    at process.processTicksAndRejections (node:internal/process/task_queues:83:21) {
  errno: -98,
  code: 'EADDRINUSE',
  syscall: 'bind',
  address: null,
  port: 8084
}
Error: bind EADDRINUSE null:8084
    at listenOnPrimaryHandle (node:net:1989:18)
    at rr (node:internal/cluster/child:163:12)
    at Worker.<anonymous> (node:internal/cluster/child:113:7)
    at process.onInternalMessage (node:internal/cluster/utils:49:5)
    at process.emit (node:events:536:35)
    at emit (node:internal/child_process:950:14)
    at process.processTicksAndRejections (node:internal/process/task_queues:83:21) {
  errno: -98,
  code: 'EADDRINUSE',
  syscall: 'bind',
  address: null,
  port: 8084
}
Worker 120763 died (code: 1). Restarting...
Worker 120769 died (code: 1). Restarting...
Worker 120756 died (code: 1). Restarting...
Worker 120774 died (code: 1). Restarting...
Error: bind EADDRINUSE null:8084
    at listenOnPrimaryHandle (node:net:1989:18)
    at rr (node:internal/cluster/child:163:12)
    at Worker.<anonymous> (node:internal/cluster/child:113:7)
    at process.onInternalMessage (node:internal/cluster/utils:49:5)
    at process.emit (node:events:536:35)
    at emit (node:internal/child_process:950:14)
    at process.processTicksAndRejections (node:internal/process/task_queues:83:21) {
  errno: -98,
  code: 'EADDRINUSE',
  syscall: 'bind',
  address: null,
  port: 8084
}
Error: bind EADDRINUSE null:8084
    at listenOnPrimaryHandle (node:net:1989:18)
    at rr (node:internal/cluster/child:163:12)
    at Worker.<anonymous> (node:internal/cluster/child:113:7)
    at process.onInternalMessage (node:internal/cluster/utils:49:5)
    at process.emit (node:events:536:35)
    at emit (node:internal/child_process:950:14)
    at process.processTicksAndRejections (node:internal/process/task_queues:83:21) {
  errno: -98,
  code: 'EADDRINUSE',
  syscall: 'bind',
  address: null,
  port: 8084
}
Worker 120792 died (code: 1). Restarting...
Worker 120794 died (code: 1). Restarting...
Error: bind EADDRINUSE null:8084
    at listenOnPrimaryHandle (node:net:1989:18)
    at rr (node:internal/cluster/child:163:12)
    at Worker.<anonymous> (node:internal/cluster/child:113:7)
    at process.onInternalMessage (node:internal/cluster/utils:49:5)
    at process.emit (node:events:536:35)
    at emit (node:internal/child_process:950:14)
    at process.processTicksAndRejections (node:internal/process/task_queues:83:21) {
  errno: -98,
  code: 'EADDRINUSE',
  syscall: 'bind',
  address: null,
  port: 8084
}
Worker 120834 died (code: 1). Restarting...
Error: bind EADDRINUSE null:8084
    at listenOnPrimaryHandle (node:net:1989:18)
    at rr (node:internal/cluster/child:163:12)
    at Worker.<anonymous> (node:internal/cluster/child:113:7)
    at process.onInternalMessage (node:internal/cluster/utils:49:5)
    at process.emit (node:events:536:35)
    at emit (node:internal/child_process:950:14)
    at process.processTicksAndRejections (node:internal/process/task_queues:83:21) {
  errno: -98,
  code: 'EADDRINUSE',
  syscall: 'bind',
  address: null,
  port: 8084
}
Error: bind EADDRINUSE null:8084
    at listenOnPrimaryHandle (node:net:1989:18)
    at rr (node:internal/cluster/child:163:12)
    at Worker.<anonymous> (node:internal/cluster/child:113:7)
    at process.onInternalMessage (node:internal/cluster/utils:49:5)
    at process.emit (node:events:536:35)
    at emit (node:internal/child_process:950:14)
    at process.processTicksAndRejections (node:internal/process/task_queues:83:21) {
  errno: -98,
  code: 'EADDRINUSE',
  syscall: 'bind',
  address: null,
  port: 8084
}
Worker 120858 died (code: 1). Restarting...
Worker 120871 died (code: 1). Restarting...
Error: bind EADDRINUSE null:8084
    at listenOnPrimaryHandle (node:net:1989:18)
    at rr (node:internal/cluster/child:163:12)
    at Worker.<anonymous> (node:internal/cluster/child:113:7)
    at process.onInternalMessage (node:internal/cluster/utils:49:5)
    at process.emit (node:events:536:35)
    at emit (node:internal/child_process:950:14)
    at process.processTicksAndRejections (node:internal/process/task_queues:83:21) {
  errno: -98,
  code: 'EADDRINUSE',
  syscall: 'bind',
  address: null,
  port: 8084
}
Error: bind EADDRINUSE null:8084
    at listenOnPrimaryHandle (node:net:1989:18)
    at rr (node:internal/cluster/child:163:12)
    at Worker.<anonymous> (node:internal/cluster/child:113:7)
    at process.onInternalMessage (node:internal/cluster/utils:49:5)
    at process.emit (node:events:536:35)
    at emit (node:internal/child_process:950:14)
    at process.processTicksAndRejections (node:internal/process/task_queues:83:21) {
  errno: -98,
  code: 'EADDRINUSE',
  syscall: 'bind',
  address: null,
  port: 8084
}
Worker 120873 died (code: 1). Restarting...
Worker 120870 died (code: 1). Restarting...
Error: bind EADDRINUSE null:8084
    at listenOnPrimaryHandle (node:net:1989:18)
    at rr (node:internal/cluster/child:163:12)
    at Worker.<anonymous> (node:internal/cluster/child:113:7)
    at process.onInternalMessage (node:internal/cluster/utils:49:5)
    at process.emit (node:events:536:35)
    at emit (node:internal/child_process:950:14)
    at process.processTicksAndRejections (node:internal/process/task_queues:83:21) {
  errno: -98,
  code: 'EADDRINUSE',
  syscall: 'bind',
  address: null,
  port: 8084
}
Error: bind EADDRINUSE null:8084
    at listenOnPrimaryHandle (node:net:1989:18)
    at rr (node:internal/cluster/child:163:12)
    at Worker.<anonymous> (node:internal/cluster/child:113:7)
    at process.onInternalMessage (node:internal/cluster/utils:49:5)
    at process.emit (node:events:536:35)
    at emit (node:internal/child_process:950:14)
    at process.processTicksAndRejections (node:internal/process/task_queues:83:21) {
  errno: -98,
  code: 'EADDRINUSE',
  syscall: 'bind',
  address: null,
  port: 8084
}
Worker 120872 died (code: 1). Restarting...
Error: bind EADDRINUSE null:8084
    at listenOnPrimaryHandle (node:net:1989:18)
    at rr (node:internal/cluster/child:163:12)
    at Worker.<anonymous> (node:internal/cluster/child:113:7)
    at process.onInternalMessage (node:internal/cluster/utils:49:5)
    at process.emit (node:events:536:35)
    at emit (node:internal/child_process:950:14)
    at process.processTicksAndRejections (node:internal/process/task_queues:83:21) {
  errno: -98,
  code: 'EADDRINUSE',
  syscall: 'bind',
  address: null,
  port: 8084
}
Worker 120909 died (code: 1). Restarting...
Worker 120907 died (code: 1). Restarting...
Error: bind EADDRINUSE null:8084
    at listenOnPrimaryHandle (node:net:1989:18)
    at rr (node:internal/cluster/child:163:12)
    at Worker.<anonymous> (node:internal/cluster/child:113:7)
    at process.onInternalMessage (node:internal/cluster/utils:49:5)
    at process.emit (node:events:536:35)
    at emit (node:internal/child_process:950:14)
    at process.processTicksAndRejections (node:internal/process/task_queues:83:21) {
  errno: -98,
  code: 'EADDRINUSE',
  syscall: 'bind',
  address: null,
  port: 8084
}
Worker 120931 died (code: 1). Restarting...
Error: bind EADDRINUSE null:8084
    at listenOnPrimaryHandle (node:net:1989:18)
    at rr (node:internal/cluster/child:163:12)
    at Worker.<anonymous> (node:internal/cluster/child:113:7)
    at process.onInternalMessage (node:internal/cluster/utils:49:5)
    at process.emit (node:events:536:35)
    at emit (node:internal/child_process:950:14)
    at process.processTicksAndRejections (node:internal/process/task_queues:83:21) {
  errno: -98,
  code: 'EADDRINUSE',
  syscall: 'bind',
  address: null,
  port: 8084
}
Worker 120980 died (code: 1). Restarting...
Error: bind EADDRINUSE null:8084
    at listenOnPrimaryHandle (node:net:1989:18)
    at rr (node:internal/cluster/child:163:12)
    at Worker.<anonymous> (node:internal/cluster/child:113:7)
    at process.onInternalMessage (node:internal/cluster/utils:49:5)
    at process.emit (node:events:536:35)
    at emit (node:internal/child_process:950:14)
    at process.processTicksAndRejections (node:internal/process/task_queues:83:21) {
  errno: -98,
  code: 'EADDRINUSE',
  syscall: 'bind',
  address: null,
  port: 8084
}
Worker 120994 died (code: 1). Restarting...
Error: bind EADDRINUSE null:8084
    at listenOnPrimaryHandle (node:net:1989:18)
    at rr (node:internal/cluster/child:163:12)
    at Worker.<anonymous> (node:internal/cluster/child:113:7)
    at process.onInternalMessage (node:internal/cluster/utils:49:5)
    at process.emit (node:events:536:35)
    at emit (node:internal/child_process:950:14)
    at process.processTicksAndRejections (node:internal/process/task_queues:83:21) {
  errno: -98,
  code: 'EADDRINUSE',
  syscall: 'bind',
  address: null,
  port: 8084
}
Worker 120979 died (code: 1). Restarting...
Error: bind EADDRINUSE null:8084
    at listenOnPrimaryHandle (node:net:1989:18)
    at rr (node:internal/cluster/child:163:12)
    at Worker.<anonymous> (node:internal/cluster/child:113:7)
    at process.onInternalMessage (node:internal/cluster/utils:49:5)
    at process.emit (node:events:536:35)
    at emit (node:internal/child_process:950:14)
    at process.processTicksAndRejections (node:internal/process/task_queues:83:21) {
  errno: -98,
  code: 'EADDRINUSE',
  syscall: 'bind',
  address: null,
  port: 8084
}
Worker 121007 died (code: 1). Restarting...
Error: bind EADDRINUSE null:8084
    at listenOnPrimaryHandle (node:net:1989:18)
    at rr (node:internal/cluster/child:163:12)
    at Worker.<anonymous> (node:internal/cluster/child:113:7)
    at process.onInternalMessage (node:internal/cluster/utils:49:5)
    at process.emit (node:events:536:35)
    at emit (node:internal/child_process:950:14)
    at process.processTicksAndRejections (node:internal/process/task_queues:83:21) {
  errno: -98,
  code: 'EADDRINUSE',
  syscall: 'bind',
  address: null,
  port: 8084
}
Worker 121003 died (code: 1). Restarting...
Error: bind EADDRINUSE null:8084
    at listenOnPrimaryHandle (node:net:1989:18)
    at rr (node:internal/cluster/child:163:12)
    at Worker.<anonymous> (node:internal/cluster/child:113:7)
    at process.onInternalMessage (node:internal/cluster/utils:49:5)
    at process.emit (node:events:536:35)
    at emit (node:internal/child_process:950:14)
    at process.processTicksAndRejections (node:internal/process/task_queues:83:21) {
  errno: -98,
  code: 'EADDRINUSE',
  syscall: 'bind',
  address: null,
  port: 8084
}
Worker 121017 died (code: 1). Restarting...
Error: bind EADDRINUSE null:8084
    at listenOnPrimaryHandle (node:net:1989:18)
    at rr (node:internal/cluster/child:163:12)
    at Worker.<anonymous> (node:internal/cluster/child:113:7)
    at process.onInternalMessage (node:internal/cluster/utils:49:5)
    at process.emit (node:events:536:35)
    at emit (node:internal/child_process:950:14)
    at process.processTicksAndRejections (node:internal/process/task_queues:83:21) {
  errno: -98,
  code: 'EADDRINUSE',
  syscall: 'bind',
  address: null,
  port: 8084
}
Worker 121050 died (code: 1). Restarting...
Error: bind EADDRINUSE null:8084
    at listenOnPrimaryHandle (node:net:1989:18)
    at rr (node:internal/cluster/child:163:12)
    at Worker.<anonymous> (node:internal/cluster/child:113:7)
    at process.onInternalMessage (node:internal/cluster/utils:49:5)
    at process.emit (node:events:536:35)
    at emit (node:internal/child_process:950:14)
    at process.processTicksAndRejections (node:internal/process/task_queues:83:21) {
  errno: -98,
  code: 'EADDRINUSE',
  syscall: 'bind',
  address: null,
  port: 8084
}
Worker 121019 died (code: 1). Restarting...
Error: bind EADDRINUSE null:8084
    at listenOnPrimaryHandle (node:net:1989:18)
    at rr (node:internal/cluster/child:163:12)
    at Worker.<anonymous> (node:internal/cluster/child:113:7)
    at process.onInternalMessage (node:internal/cluster/utils:49:5)
    at process.emit (node:events:536:35)
    at emit (node:internal/child_process:950:14)
    at process.processTicksAndRejections (node:internal/process/task_queues:83:21) {
  errno: -98,
  code: 'EADDRINUSE',
  syscall: 'bind',
  address: null,
  port: 8084
}
Worker 121078 died (code: 1). Restarting...
Error: bind EADDRINUSE null:8084
    at listenOnPrimaryHandle (node:net:1989:18)
    at rr (node:internal/cluster/child:163:12)
    at Worker.<anonymous> (node:internal/cluster/child:113:7)
    at process.onInternalMessage (node:internal/cluster/utils:49:5)
    at process.emit (node:events:536:35)
    at emit (node:internal/child_process:950:14)
    at process.processTicksAndRejections (node:internal/process/task_queues:83:21) {
  errno: -98,
  code: 'EADDRINUSE',
  syscall: 'bind',
  address: null,
  port: 8084
}
Worker 121101 died (code: 1). Restarting...
Error: bind EADDRINUSE null:8084
    at listenOnPrimaryHandle (node:net:1989:18)
    at rr (node:internal/cluster/child:163:12)
    at Worker.<anonymous> (node:internal/cluster/child:113:7)
    at process.onInternalMessage (node:internal/cluster/utils:49:5)
    at process.emit (node:events:536:35)
    at emit (node:internal/child_process:950:14)
    at process.processTicksAndRejections (node:internal/process/task_queues:83:21) {
  errno: -98,
  code: 'EADDRINUSE',
  syscall: 'bind',
  address: null,
  port: 8084
}
Worker 121086 died (code: 1). Restarting...
Error: bind EADDRINUSE null:8084
    at listenOnPrimaryHandle (node:net:1989:18)
    at rr (node:internal/cluster/child:163:12)
    at Worker.<anonymous> (node:internal/cluster/child:113:7)
    at process.onInternalMessage (node:internal/cluster/utils:49:5)
    at process.emit (node:events:536:35)
    at emit (node:internal/child_process:950:14)
    at process.processTicksAndRejections (node:internal/process/task_queues:83:21) {
  errno: -98,
  code: 'EADDRINUSE',
  syscall: 'bind',
  address: null,
  port: 8084
}
Error: bind EADDRINUSE null:8084
    at listenOnPrimaryHandle (node:net:1989:18)
    at rr (node:internal/cluster/child:163:12)
    at Worker.<anonymous> (node:internal/cluster/child:113:7)
    at process.onInternalMessage (node:internal/cluster/utils:49:5)
    at process.emit (node:events:536:35)
    at emit (node:internal/child_process:950:14)
    at process.processTicksAndRejections (node:internal/process/task_queues:83:21) {
  errno: -98,
  code: 'EADDRINUSE',
  syscall: 'bind',
  address: null,
  port: 8084
}
Worker 121108 died (code: 1). Restarting...
Error: bind EADDRINUSE null:8084
    at listenOnPrimaryHandle (node:net:1989:18)
    at rr (node:internal/cluster/child:163:12)
    at Worker.<anonymous> (node:internal/cluster/child:113:7)
    at process.onInternalMessage (node:internal/cluster/utils:49:5)
    at process.emit (node:events:536:35)
    at emit (node:internal/child_process:950:14)
    at process.processTicksAndRejections (node:internal/process/task_queues:83:21) {
  errno: -98,
  code: 'EADDRINUSE',
  syscall: 'bind',
  address: null,
  port: 8084
}
Worker 121123 died (code: 1). Restarting...
Worker 121116 died (code: 1). Restarting...
Error: bind EADDRINUSE null:8084
    at listenOnPrimaryHandle (node:net:1989:18)
    at rr (node:internal/cluster/child:163:12)
    at Worker.<anonymous> (node:internal/cluster/child:113:7)
    at process.onInternalMessage (node:internal/cluster/utils:49:5)
    at process.emit (node:events:536:35)
    at emit (node:internal/child_process:950:14)
    at process.processTicksAndRejections (node:internal/process/task_queues:83:21) {
  errno: -98,
  code: 'EADDRINUSE',
  syscall: 'bind',
  address: null,
  port: 8084
}
Error: bind EADDRINUSE null:8084
    at listenOnPrimaryHandle (node:net:1989:18)
    at rr (node:internal/cluster/child:163:12)
    at Worker.<anonymous> (node:internal/cluster/child:113:7)
    at process.onInternalMessage (node:internal/cluster/utils:49:5)
    at process.emit (node:events:536:35)
    at emit (node:internal/child_process:950:14)
    at process.processTicksAndRejections (node:internal/process/task_queues:83:21) {
  errno: -98,
  code: 'EADDRINUSE',
  syscall: 'bind',
  address: null,
  port: 8084
}
Worker 121149 died (code: 1). Restarting...
Worker 121139 died (code: 1). Restarting...
Error: bind EADDRINUSE null:8084
    at listenOnPrimaryHandle (node:net:1989:18)
    at rr (node:internal/cluster/child:163:12)
    at Worker.<anonymous> (node:internal/cluster/child:113:7)
    at process.onInternalMessage (node:internal/cluster/utils:49:5)
    at process.emit (node:events:536:35)
    at emit (node:internal/child_process:950:14)
    at process.processTicksAndRejections (node:internal/process/task_queues:83:21) {
  errno: -98,
  code: 'EADDRINUSE',
  syscall: 'bind',
  address: null,
  port: 8084
}
Worker 121179 died (code: 1). Restarting...
Error: bind EADDRINUSE null:8084
    at listenOnPrimaryHandle (node:net:1989:18)
    at rr (node:internal/cluster/child:163:12)
    at Worker.<anonymous> (node:internal/cluster/child:113:7)
    at process.onInternalMessage (node:internal/cluster/utils:49:5)
    at process.emit (node:events:536:35)
    at emit (node:internal/child_process:950:14)
    at process.processTicksAndRejections (node:internal/process/task_queues:83:21) {
  errno: -98,
  code: 'EADDRINUSE',
  syscall: 'bind',
  address: null,
  port: 8084
}
Worker 121191 died (code: 1). Restarting...
Error: bind EADDRINUSE null:8084
    at listenOnPrimaryHandle (node:net:1989:18)
    at rr (node:internal/cluster/child:163:12)
    at Worker.<anonymous> (node:internal/cluster/child:113:7)
    at process.onInternalMessage (node:internal/cluster/utils:49:5)
    at process.emit (node:events:536:35)
    at emit (node:internal/child_process:950:14)
    at process.processTicksAndRejections (node:internal/process/task_queues:83:21) {
  errno: -98,
  code: 'EADDRINUSE',
  syscall: 'bind',
  address: null,
  port: 8084
}
Error: bind EADDRINUSE null:8084
    at listenOnPrimaryHandle (node:net:1989:18)
    at rr (node:internal/cluster/child:163:12)
    at Worker.<anonymous> (node:internal/cluster/child:113:7)
    at process.onInternalMessage (node:internal/cluster/utils:49:5)
    at process.emit (node:events:536:35)
    at emit (node:internal/child_process:950:14)
    at process.processTicksAndRejections (node:internal/process/task_queues:83:21) {
  errno: -98,
  code: 'EADDRINUSE',
  syscall: 'bind',
  address: null,
  port: 8084
}
Worker 121193 died (code: 1). Restarting...
Error: bind EADDRINUSE null:8084
    at listenOnPrimaryHandle (node:net:1989:18)
    at rr (node:internal/cluster/child:163:12)
    at Worker.<anonymous> (node:internal/cluster/child:113:7)
    at process.onInternalMessage (node:internal/cluster/utils:49:5)
    at process.emit (node:events:536:35)
    at emit (node:internal/child_process:950:14)
    at process.processTicksAndRejections (node:internal/process/task_queues:83:21) {
  errno: -98,
  code: 'EADDRINUSE',
  syscall: 'bind',
  address: null,
  port: 8084
}
Worker 121222 died (code: 1). Restarting...
Worker 121223 died (code: 1). Restarting...
Error: bind EADDRINUSE null:8084
    at listenOnPrimaryHandle (node:net:1989:18)
    at rr (node:internal/cluster/child:163:12)
    at Worker.<anonymous> (node:internal/cluster/child:113:7)
    at process.onInternalMessage (node:internal/cluster/utils:49:5)
    at process.emit (node:events:536:35)
    at emit (node:internal/child_process:950:14)
    at process.processTicksAndRejections (node:internal/process/task_queues:83:21) {
  errno: -98,
  code: 'EADDRINUSE',
  syscall: 'bind',
  address: null,
  port: 8084
}
Worker 121224 died (code: 1). Restarting...
Error: bind EADDRINUSE null:8084
    at listenOnPrimaryHandle (node:net:1989:18)
    at rr (node:internal/cluster/child:163:12)
    at Worker.<anonymous> (node:internal/cluster/child:113:7)
    at process.onInternalMessage (node:internal/cluster/utils:49:5)
    at process.emit (node:events:536:35)
    at emit (node:internal/child_process:950:14)
    at process.processTicksAndRejections (node:internal/process/task_queues:83:21) {
  errno: -98,
  code: 'EADDRINUSE',
  syscall: 'bind',
  address: null,
  port: 8084
}
Error: bind EADDRINUSE null:8084
    at listenOnPrimaryHandle (node:net:1989:18)
    at rr (node:internal/cluster/child:163:12)
    at Worker.<anonymous> (node:internal/cluster/child:113:7)
    at process.onInternalMessage (node:internal/cluster/utils:49:5)
    at process.emit (node:events:536:35)
    at emit (node:internal/child_process:950:14)
    at process.processTicksAndRejections (node:internal/process/task_queues:83:21) {
  errno: -98,
  code: 'EADDRINUSE',
  syscall: 'bind',
  address: null,
  port: 8084
}
Worker 121266 died (code: 1). Restarting...
Worker 121261 died (code: 1). Restarting...
Error: bind EADDRINUSE null:8084
    at listenOnPrimaryHandle (node:net:1989:18)
    at rr (node:internal/cluster/child:163:12)
    at Worker.<anonymous> (node:internal/cluster/child:113:7)
    at process.onInternalMessage (node:internal/cluster/utils:49:5)
    at process.emit (node:events:536:35)
    at emit (node:internal/child_process:950:14)
    at process.processTicksAndRejections (node:internal/process/task_queues:83:21) {
  errno: -98,
  code: 'EADDRINUSE',
  syscall: 'bind',
  address: null,
  port: 8084
}
Worker 121281 died (code: 1). Restarting...
Error: bind EADDRINUSE null:8084
    at listenOnPrimaryHandle (node:net:1989:18)
    at rr (node:internal/cluster/child:163:12)
    at Worker.<anonymous> (node:internal/cluster/child:113:7)
    at process.onInternalMessage (node:internal/cluster/utils:49:5)
    at process.emit (node:events:536:35)
    at emit (node:internal/child_process:950:14)
    at process.processTicksAndRejections (node:internal/process/task_queues:83:21) {
  errno: -98,
  code: 'EADDRINUSE',
  syscall: 'bind',
  address: null,
  port: 8084
}
Worker 121299 died (code: 1). Restarting...
Error: bind EADDRINUSE null:8084
    at listenOnPrimaryHandle (node:net:1989:18)
    at rr (node:internal/cluster/child:163:12)
    at Worker.<anonymous> (node:internal/cluster/child:113:7)
    at process.onInternalMessage (node:internal/cluster/utils:49:5)
    at process.emit (node:events:536:35)
    at emit (node:internal/child_process:950:14)
    at process.processTicksAndRejections (node:internal/process/task_queues:83:21) {
  errno: -98,
  code: 'EADDRINUSE',
  syscall: 'bind',
  address: null,
  port: 8084
}
Error: bind EADDRINUSE null:8084
    at listenOnPrimaryHandle (node:net:1989:18)
    at rr (node:internal/cluster/child:163:12)
    at Worker.<anonymous> (node:internal/cluster/child:113:7)
    at process.onInternalMessage (node:internal/cluster/utils:49:5)
    at process.emit (node:events:536:35)
    at emit (node:internal/child_process:950:14)
    at process.processTicksAndRejections (node:internal/process/task_queues:83:21) {
  errno: -98,
  code: 'EADDRINUSE',
  syscall: 'bind',
  address: null,
  port: 8084
}
Worker 121315 died (code: 1). Restarting...
Worker 121330 died (code: 1). Restarting...
Error: bind EADDRINUSE null:8084
    at listenOnPrimaryHandle (node:net:1989:18)
    at rr (node:internal/cluster/child:163:12)
    at Worker.<anonymous> (node:internal/cluster/child:113:7)
    at process.onInternalMessage (node:internal/cluster/utils:49:5)
    at process.emit (node:events:536:35)
    at emit (node:internal/child_process:950:14)
    at process.processTicksAndRejections (node:internal/process/task_queues:83:21) {
  errno: -98,
  code: 'EADDRINUSE',
  syscall: 'bind',
  address: null,
  port: 8084
}
Worker 121325 died (code: 1). Restarting...
Error: bind EADDRINUSE null:8084
    at listenOnPrimaryHandle (node:net:1989:18)
    at rr (node:internal/cluster/child:163:12)
    at Worker.<anonymous> (node:internal/cluster/child:113:7)
    at process.onInternalMessage (node:internal/cluster/utils:49:5)
    at process.emit (node:events:536:35)
    at emit (node:internal/child_process:950:14)
    at process.processTicksAndRejections (node:internal/process/task_queues:83:21) {
  errno: -98,
  code: 'EADDRINUSE',
  syscall: 'bind',
  address: null,
  port: 8084
}
Error: bind EADDRINUSE null:8084
    at listenOnPrimaryHandle (node:net:1989:18)
    at rr (node:internal/cluster/child:163:12)
    at Worker.<anonymous> (node:internal/cluster/child:113:7)
    at process.onInternalMessage (node:internal/cluster/utils:49:5)
    at process.emit (node:events:536:35)
    at emit (node:internal/child_process:950:14)
    at process.processTicksAndRejections (node:internal/process/task_queues:83:21) {
  errno: -98,
  code: 'EADDRINUSE',
  syscall: 'bind',
  address: null,
  port: 8084
}
Worker 121366 died (code: 1). Restarting...
Worker 121356 died (code: 1). Restarting...
Error: bind EADDRINUSE null:8084
    at listenOnPrimaryHandle (node:net:1989:18)
    at rr (node:internal/cluster/child:163:12)
    at Worker.<anonymous> (node:internal/cluster/child:113:7)
    at process.onInternalMessage (node:internal/cluster/utils:49:5)
    at process.emit (node:events:536:35)
    at emit (node:internal/child_process:950:14)
    at process.processTicksAndRejections (node:internal/process/task_queues:83:21) {
  errno: -98,
  code: 'EADDRINUSE',
  syscall: 'bind',
  address: null,
  port: 8084
}
Worker 121353 died (code: 1). Restarting...
Error: bind EADDRINUSE null:8084
    at listenOnPrimaryHandle (node:net:1989:18)
    at rr (node:internal/cluster/child:163:12)
    at Worker.<anonymous> (node:internal/cluster/child:113:7)
    at process.onInternalMessage (node:internal/cluster/utils:49:5)
    at process.emit (node:events:536:35)
    at emit (node:internal/child_process:950:14)
    at process.processTicksAndRejections (node:internal/process/task_queues:83:21) {
  errno: -98,
  code: 'EADDRINUSE',
  syscall: 'bind',
  address: null,
  port: 8084
}
Worker 121384 died (code: 1). Restarting...
Error: bind EADDRINUSE null:8084
    at listenOnPrimaryHandle (node:net:1989:18)
    at rr (node:internal/cluster/child:163:12)
    at Worker.<anonymous> (node:internal/cluster/child:113:7)
    at process.onInternalMessage (node:internal/cluster/utils:49:5)
    at process.emit (node:events:536:35)
    at emit (node:internal/child_process:950:14)
    at process.processTicksAndRejections (node:internal/process/task_queues:83:21) {
  errno: -98,
  code: 'EADDRINUSE',
  syscall: 'bind',
  address: null,
  port: 8084
}
Worker 121399 died (code: 1). Restarting...
Error: bind EADDRINUSE null:8084
    at listenOnPrimaryHandle (node:net:1989:18)
    at rr (node:internal/cluster/child:163:12)
    at Worker.<anonymous> (node:internal/cluster/child:113:7)
    at process.onInternalMessage (node:internal/cluster/utils:49:5)
    at process.emit (node:events:536:35)
    at emit (node:internal/child_process:950:14)
    at process.processTicksAndRejections (node:internal/process/task_queues:83:21) {
  errno: -98,
  code: 'EADDRINUSE',
  syscall: 'bind',
  address: null,
  port: 8084
}
Worker 121424 died (code: 1). Restarting...
Error: bind EADDRINUSE null:8084
    at listenOnPrimaryHandle (node:net:1989:18)
    at rr (node:internal/cluster/child:163:12)
    at Worker.<anonymous> (node:internal/cluster/child:113:7)
    at process.onInternalMessage (node:internal/cluster/utils:49:5)
    at process.emit (node:events:536:35)
    at emit (node:internal/child_process:950:14)
    at process.processTicksAndRejections (node:internal/process/task_queues:83:21) {
  errno: -98,
  code: 'EADDRINUSE',
  syscall: 'bind',
  address: null,
  port: 8084
}
Worker 121423 died (code: 1). Restarting...
Error: bind EADDRINUSE null:8084
    at listenOnPrimaryHandle (node:net:1989:18)
    at rr (node:internal/cluster/child:163:12)
    at Worker.<anonymous> (node:internal/cluster/child:113:7)
    at process.onInternalMessage (node:internal/cluster/utils:49:5)
    at process.emit (node:events:536:35)
    at emit (node:internal/child_process:950:14)
    at process.processTicksAndRejections (node:internal/process/task_queues:83:21) {
  errno: -98,
  code: 'EADDRINUSE',
  syscall: 'bind',
  address: null,
  port: 8084
}
Error: bind EADDRINUSE null:8084
    at listenOnPrimaryHandle (node:net:1989:18)
    at rr (node:internal/cluster/child:163:12)
    at Worker.<anonymous> (node:internal/cluster/child:113:7)
    at process.onInternalMessage (node:internal/cluster/utils:49:5)
    at process.emit (node:events:536:35)
    at emit (node:internal/child_process:950:14)
    at process.processTicksAndRejections (node:internal/process/task_queues:83:21) {
  errno: -98,
  code: 'EADDRINUSE',
  syscall: 'bind',
  address: null,
  port: 8084
}
Worker 121463 died (code: 1). Restarting...
Worker 121446 died (code: 1). Restarting...
Error: bind EADDRINUSE null:8084
    at listenOnPrimaryHandle (node:net:1989:18)
    at rr (node:internal/cluster/child:163:12)
    at Worker.<anonymous> (node:internal/cluster/child:113:7)
    at process.onInternalMessage (node:internal/cluster/utils:49:5)
    at process.emit (node:events:536:35)
    at emit (node:internal/child_process:950:14)
    at process.processTicksAndRejections (node:internal/process/task_queues:83:21) {
  errno: -98,
  code: 'EADDRINUSE',
  syscall: 'bind',
  address: null,
  port: 8084
}
Worker 121478 died (code: 1). Restarting...
Error: bind EADDRINUSE null:8084
    at listenOnPrimaryHandle (node:net:1989:18)
    at rr (node:internal/cluster/child:163:12)
    at Worker.<anonymous> (node:internal/cluster/child:113:7)
    at process.onInternalMessage (node:internal/cluster/utils:49:5)
    at process.emit (node:events:536:35)
    at emit (node:internal/child_process:950:14)
    at process.processTicksAndRejections (node:internal/process/task_queues:83:21) {
  errno: -98,
  code: 'EADDRINUSE',
  syscall: 'bind',
  address: null,
  port: 8084
}
Worker 121462 died (code: 1). Restarting...
Error: bind EADDRINUSE null:8084
    at listenOnPrimaryHandle (node:net:1989:18)
    at rr (node:internal/cluster/child:163:12)
    at Worker.<anonymous> (node:internal/cluster/child:113:7)
    at process.onInternalMessage (node:internal/cluster/utils:49:5)
    at process.emit (node:events:536:35)
    at emit (node:internal/child_process:950:14)
    at process.processTicksAndRejections (node:internal/process/task_queues:83:21) {
  errno: -98,
  code: 'EADDRINUSE',
  syscall: 'bind',
  address: null,
  port: 8084
}
Worker 121489 died (code: 1). Restarting...
Error: bind EADDRINUSE null:8084
    at listenOnPrimaryHandle (node:net:1989:18)
    at rr (node:internal/cluster/child:163:12)
    at Worker.<anonymous> (node:internal/cluster/child:113:7)
    at process.onInternalMessage (node:internal/cluster/utils:49:5)
    at process.emit (node:events:536:35)
    at emit (node:internal/child_process:950:14)
    at process.processTicksAndRejections (node:internal/process/task_queues:83:21) {
  errno: -98,
  code: 'EADDRINUSE',
  syscall: 'bind',
  address: null,
  port: 8084
}
Worker 121507 died (code: 1). Restarting...
Error: bind EADDRINUSE null:8084
    at listenOnPrimaryHandle (node:net:1989:18)
    at rr (node:internal/cluster/child:163:12)
    at Worker.<anonymous> (node:internal/cluster/child:113:7)
    at process.onInternalMessage (node:internal/cluster/utils:49:5)
    at process.emit (node:events:536:35)
    at emit (node:internal/child_process:950:14)
    at process.processTicksAndRejections (node:internal/process/task_queues:83:21) {
  errno: -98,
  code: 'EADDRINUSE',
  syscall: 'bind',
  address: null,
  port: 8084
}
Error: bind EADDRINUSE null:8084
    at listenOnPrimaryHandle (node:net:1989:18)
    at rr (node:internal/cluster/child:163:12)
    at Worker.<anonymous> (node:internal/cluster/child:113:7)
    at process.onInternalMessage (node:internal/cluster/utils:49:5)
    at process.emit (node:events:536:35)
    at emit (node:internal/child_process:950:14)
    at process.processTicksAndRejections (node:internal/process/task_queues:83:21) {
  errno: -98,
  code: 'EADDRINUSE',
  syscall: 'bind',
  address: null,
  port: 8084
}
Worker 121538 died (code: 1). Restarting...
Worker 121531 died (code: 1). Restarting...
Error: bind EADDRINUSE null:8084
    at listenOnPrimaryHandle (node:net:1989:18)
    at rr (node:internal/cluster/child:163:12)
    at Worker.<anonymous> (node:internal/cluster/child:113:7)
    at process.onInternalMessage (node:internal/cluster/utils:49:5)
    at process.emit (node:events:536:35)
    at emit (node:internal/child_process:950:14)
    at process.processTicksAndRejections (node:internal/process/task_queues:83:21) {
  errno: -98,
  code: 'EADDRINUSE',
  syscall: 'bind',
  address: null,
  port: 8084
}
Error: bind EADDRINUSE null:8084
    at listenOnPrimaryHandle (node:net:1989:18)
    at rr (node:internal/cluster/child:163:12)
    at Worker.<anonymous> (node:internal/cluster/child:113:7)
    at process.onInternalMessage (node:internal/cluster/utils:49:5)
    at process.emit (node:events:536:35)
    at emit (node:internal/child_process:950:14)
    at process.processTicksAndRejections (node:internal/process/task_queues:83:21) {
  errno: -98,
  code: 'EADDRINUSE',
  syscall: 'bind',
  address: null,
  port: 8084
}
Worker 121554 died (code: 1). Restarting...
Worker 121555 died (code: 1). Restarting...
Error: bind EADDRINUSE null:8084
    at listenOnPrimaryHandle (node:net:1989:18)
    at rr (node:internal/cluster/child:163:12)
    at Worker.<anonymous> (node:internal/cluster/child:113:7)
    at process.onInternalMessage (node:internal/cluster/utils:49:5)
    at process.emit (node:events:536:35)
    at emit (node:internal/child_process:950:14)
    at process.processTicksAndRejections (node:internal/process/task_queues:83:21) {
  errno: -98,
  code: 'EADDRINUSE',
  syscall: 'bind',
  address: null,
  port: 8084
}
Worker 121577 died (code: 1). Restarting...
Error: bind EADDRINUSE null:8084
    at listenOnPrimaryHandle (node:net:1989:18)
    at rr (node:internal/cluster/child:163:12)
    at Worker.<anonymous> (node:internal/cluster/child:113:7)
    at process.onInternalMessage (node:internal/cluster/utils:49:5)
    at process.emit (node:events:536:35)
    at emit (node:internal/child_process:950:14)
    at process.processTicksAndRejections (node:internal/process/task_queues:83:21) {
  errno: -98,
  code: 'EADDRINUSE',
  syscall: 'bind',
  address: null,
  port: 8084
}
Worker 121588 died (code: 1). Restarting...
Error: bind EADDRINUSE null:8084
    at listenOnPrimaryHandle (node:net:1989:18)
    at rr (node:internal/cluster/child:163:12)
    at Worker.<anonymous> (node:internal/cluster/child:113:7)
    at process.onInternalMessage (node:internal/cluster/utils:49:5)
    at process.emit (node:events:536:35)
    at emit (node:internal/child_process:950:14)
    at process.processTicksAndRejections (node:internal/process/task_queues:83:21) {
  errno: -98,
  code: 'EADDRINUSE',
  syscall: 'bind',
  address: null,
  port: 8084
}
Worker 121603 died (code: 1). Restarting...
Error: bind EADDRINUSE null:8084
    at listenOnPrimaryHandle (node:net:1989:18)
    at rr (node:internal/cluster/child:163:12)
    at Worker.<anonymous> (node:internal/cluster/child:113:7)
    at process.onInternalMessage (node:internal/cluster/utils:49:5)
    at process.emit (node:events:536:35)
    at emit (node:internal/child_process:950:14)
    at process.processTicksAndRejections (node:internal/process/task_queues:83:21) {
  errno: -98,
  code: 'EADDRINUSE',
  syscall: 'bind',
  address: null,
  port: 8084
}
Worker 121620 died (code: 1). Restarting...
Error: bind EADDRINUSE null:8084
    at listenOnPrimaryHandle (node:net:1989:18)
    at rr (node:internal/cluster/child:163:12)
    at Worker.<anonymous> (node:internal/cluster/child:113:7)
    at process.onInternalMessage (node:internal/cluster/utils:49:5)
    at process.emit (node:events:536:35)
    at emit (node:internal/child_process:950:14)
    at process.processTicksAndRejections (node:internal/process/task_queues:83:21) {
  errno: -98,
  code: 'EADDRINUSE',
  syscall: 'bind',
  address: null,
  port: 8084
}
Worker 121641 died (code: 1). Restarting...
Error: bind EADDRINUSE null:8084
    at listenOnPrimaryHandle (node:net:1989:18)
    at rr (node:internal/cluster/child:163:12)
    at Worker.<anonymous> (node:internal/cluster/child:113:7)
    at process.onInternalMessage (node:internal/cluster/utils:49:5)
    at process.emit (node:events:536:35)
    at emit (node:internal/child_process:950:14)
    at process.processTicksAndRejections (node:internal/process/task_queues:83:21) {
  errno: -98,
  code: 'EADDRINUSE',
  syscall: 'bind',
  address: null,
  port: 8084
}
Worker 121664 died (code: 1). Restarting...
Error: bind EADDRINUSE null:8084
    at listenOnPrimaryHandle (node:net:1989:18)
    at rr (node:internal/cluster/child:163:12)
    at Worker.<anonymous> (node:internal/cluster/child:113:7)
    at process.onInternalMessage (node:internal/cluster/utils:49:5)
    at process.emit (node:events:536:35)
    at emit (node:internal/child_process:950:14)
    at process.processTicksAndRejections (node:internal/process/task_queues:83:21) {
  errno: -98,
  code: 'EADDRINUSE',
  syscall: 'bind',
  address: null,
  port: 8084
}
Error: bind EADDRINUSE null:8084
    at listenOnPrimaryHandle (node:net:1989:18)
    at rr (node:internal/cluster/child:163:12)
    at Worker.<anonymous> (node:internal/cluster/child:113:7)
    at process.onInternalMessage (node:internal/cluster/utils:49:5)
    at process.emit (node:events:536:35)
    at emit (node:internal/child_process:950:14)
    at process.processTicksAndRejections (node:internal/process/task_queues:83:21) {
  errno: -98,
  code: 'EADDRINUSE',
  syscall: 'bind',
  address: null,
  port: 8084
}
Worker 121662 died (code: 1). Restarting...
Worker 121644 died (code: 1). Restarting...
Error: bind EADDRINUSE null:8084
    at listenOnPrimaryHandle (node:net:1989:18)
    at rr (node:internal/cluster/child:163:12)
    at Worker.<anonymous> (node:internal/cluster/child:113:7)
    at process.onInternalMessage (node:internal/cluster/utils:49:5)
    at process.emit (node:events:536:35)
    at emit (node:internal/child_process:950:14)
    at process.processTicksAndRejections (node:internal/process/task_queues:83:21) {
  errno: -98,
  code: 'EADDRINUSE',
  syscall: 'bind',
  address: null,
  port: 8084
}
Worker 121686 died (code: 1). Restarting...
Error: bind EADDRINUSE null:8084
    at listenOnPrimaryHandle (node:net:1989:18)
    at rr (node:internal/cluster/child:163:12)
    at Worker.<anonymous> (node:internal/cluster/child:113:7)
    at process.onInternalMessage (node:internal/cluster/utils:49:5)
    at process.emit (node:events:536:35)
    at emit (node:internal/child_process:950:14)
    at process.processTicksAndRejections (node:internal/process/task_queues:83:21) {
  errno: -98,
  code: 'EADDRINUSE',
  syscall: 'bind',
  address: null,
  port: 8084
}
Worker 121696 died (code: 1). Restarting...
Error: bind EADDRINUSE null:8084
    at listenOnPrimaryHandle (node:net:1989:18)
    at rr (node:internal/cluster/child:163:12)
    at Worker.<anonymous> (node:internal/cluster/child:113:7)
    at process.onInternalMessage (node:internal/cluster/utils:49:5)
    at process.emit (node:events:536:35)
    at emit (node:internal/child_process:950:14)
    at process.processTicksAndRejections (node:internal/process/task_queues:83:21) {
  errno: -98,
  code: 'EADDRINUSE',
  syscall: 'bind',
  address: null,
  port: 8084
}
Worker 121721 died (code: 1). Restarting...
Error: bind EADDRINUSE null:8084
    at listenOnPrimaryHandle (node:net:1989:18)
    at rr (node:internal/cluster/child:163:12)
    at Worker.<anonymous> (node:internal/cluster/child:113:7)
    at process.onInternalMessage (node:internal/cluster/utils:49:5)
    at process.emit (node:events:536:35)
    at emit (node:internal/child_process:950:14)
    at process.processTicksAndRejections (node:internal/process/task_queues:83:21) {
  errno: -98,
  code: 'EADDRINUSE',
  syscall: 'bind',
  address: null,
  port: 8084
}
Worker 121728 died (code: 1). Restarting...
Error: bind EADDRINUSE null:8084
    at listenOnPrimaryHandle (node:net:1989:18)
    at rr (node:internal/cluster/child:163:12)
    at Worker.<anonymous> (node:internal/cluster/child:113:7)
    at process.onInternalMessage (node:internal/cluster/utils:49:5)
    at process.emit (node:events:536:35)
    at emit (node:internal/child_process:950:14)
    at process.processTicksAndRejections (node:internal/process/task_queues:83:21) {
  errno: -98,
  code: 'EADDRINUSE',
  syscall: 'bind',
  address: null,
  port: 8084
}
Worker 121755 died (code: 1). Restarting...
Error: bind EADDRINUSE null:8084
    at listenOnPrimaryHandle (node:net:1989:18)
    at rr (node:internal/cluster/child:163:12)
    at Worker.<anonymous> (node:internal/cluster/child:113:7)
    at process.onInternalMessage (node:internal/cluster/utils:49:5)
    at process.emit (node:events:536:35)
    at emit (node:internal/child_process:950:14)
    at process.processTicksAndRejections (node:internal/process/task_queues:83:21) {
  errno: -98,
  code: 'EADDRINUSE',
  syscall: 'bind',
  address: null,
  port: 8084
}
Worker 121743 died (code: 1). Restarting...
Error: bind EADDRINUSE null:8084
    at listenOnPrimaryHandle (node:net:1989:18)
    at rr (node:internal/cluster/child:163:12)
    at Worker.<anonymous> (node:internal/cluster/child:113:7)
    at process.onInternalMessage (node:internal/cluster/utils:49:5)
    at process.emit (node:events:536:35)
    at emit (node:internal/child_process:950:14)
    at process.processTicksAndRejections (node:internal/process/task_queues:83:21) {
  errno: -98,
  code: 'EADDRINUSE',
  syscall: 'bind',
  address: null,
  port: 8084
}
Worker 121764 died (code: 1). Restarting...
Error: bind EADDRINUSE null:8084
    at listenOnPrimaryHandle (node:net:1989:18)
    at rr (node:internal/cluster/child:163:12)
    at Worker.<anonymous> (node:internal/cluster/child:113:7)
    at process.onInternalMessage (node:internal/cluster/utils:49:5)
    at process.emit (node:events:536:35)
    at emit (node:internal/child_process:950:14)
    at process.processTicksAndRejections (node:internal/process/task_queues:83:21) {
  errno: -98,
  code: 'EADDRINUSE',
  syscall: 'bind',
  address: null,
  port: 8084
}
Worker 121763 died (code: 1). Restarting...
